--Insert HotelChain
<<<<<<< HEAD
/*INSERT INTO HotelChain(hotelchainid, address, numberofhotels, email, phonenumber)
=======
INSERT INTO HotelChain(hotelchainid, address, numberofhotels, email, phonenumber)
>>>>>>> c23b03cee851e4a31fbf205b0a87f362dada3572
VALUES
    (1, '928 Ilene Street', 8, 'tricciardiello1@upenn.edu', '797-955-6406'),
    (2, '24 Barby Terrace', 9, 'dspire7@aol.com', '102-189-1717'),
    (3, '082 Fieldstone Park', 10, 'bhlavacf@bravesites.com', '967-352-2970'),
    (4, '7217 Di Loreto Point', 11, 'jfifem@amazon.co.jp', '929-195-4421'),
    (5, '59189 Stephen Way', 12, 'bbarnewelli@economist.com', '579-283-6648');


--Insert Hotel
INSERT INTO Hotel(hotelid, hotelchainid, email, phonenumber, address, numberofrooms, rating)
VALUES
    (1, 1, 'dvandeveldea@hc360.com', '672-185-1666', '7230 Comanche Avenue',18, 1),
    (2, 1, 'oashleighb@businesswire.com', '527-194-8101', '7546 Twin Pines Center',18,3),
    (3, 1, 'abirketth@tmall.com', '856-968-4991', '550 Florence Hill',18, 4),
    (4, 1, 'tcadneya@patch.com', '669-414-8280', '65 Sloan Drive',18, 5),
    (5, 1, 'slodewicko@java.com', '549-452-4820', '784 Manufacturers Way',18, 1),
    (6, 1, 'syeskins@google.it', '892-388-2372', '097 Sullivan Parkway',18, 1),
    (7, 1, 'gdockreayv@ed.gov', '724-826-2835', '53 Cardinal Way',18, 1),
    (8, 1, 'mhyndesy@cbsnews.com', '814-499-2620', '723 Drewry Junction',18, 5),
    (9, 2, 'cpahlsson8@sakura.ne.jp', '718-174-4055', '724 Surrey Place',18,5),
    (10, 2, 'amcnirlin1@myspace.com', '750-458-0910', '5874 Scott Circle',18,3),
    (11, 2, 'lspaule6@4shared.com', '363-805-8179', '137 Graceland Place',18, 4),
    (12, 2, 'glembckeg@altervista.org', '104-780-5490', '2874 Westerfield Terrace',18, 2),
    (13, 2, 'aalekseicike@sitemeter.com', '390-678-9508', '89412 Petterle Hill',18, 3),
    (14, 2, 'aashfieldi@live.com', '329-654-6353', '99 Forest Alley',18, 5),
    (15, 2, 'jgopsellm@cdbaby.com', '294-941-8449', '6512 Rutledge Point',18, 3),
    (16, 2, 'gtolchardeu@salon.com', '101-397-4964', '9649 Cherokee Circle',18, 4),
    (17, 2, 'ckedwellt@desdev.cn', '689-229-3601', '3978 1st Pass',18, 5),
    (18, 3, 'hbudleigh14@prlog.org', '175-271-7513', '36264 Grasskamp Avenue',18, 1),
    (19, 3, 'lgoodin3@woothemes.com', '906-547-0968', '70 Arrowood Point',18,4),
    (20, 3, 'bmckerlie5@fotki.com', '631-428-9965', '02 Ronald Regan Crossing',18, 2),
    (21, 3, 'hrosenblathj@artisteer.com', '846-353-0281', '956 Cordelia Pass',18, 5),
    (22, 3, 'wceresar@a8.net', '585-812-1946', '259 Burrows Pass',18, 3),
    (23, 3, 'gmorecombet@jugem.jp', '204-339-4375', '1 Hooker Street',18, 2),
    (24, 3, 'aberreyu@archive.org', '912-486-5694', '60 Emmet Road',18, 1),
    (25, 3, 'lbridgwood2@skyrock.com', '570-881-9580', '43 Westport Avenue',18, 1),
    (26, 3, 'amacguffog3@mediafire.com', '561-257-8629', '6176 Atwood Terrace',18, 3),
    (27, 3, 'jsiredb@sfgate.com', '582-888-3554', '0049 Moland Way',18, 4),
    (28, 4, 'mterranf@paypal.com', '681-225-6153', '74394 Mendota Court',18, 3),
    (29, 4, 'lissit0@marriott.com', '336-348-3846', '30169 Bayside Point',18,2),
    (30, 4, 'jgandeyz@prnewswire.com', '654-613-7810', '045 Crowley Parkway',18, 2),
    (31, 4, 'pinsall12@theguardian.com', '449-978-4527', '578 Heffernan Parkway',18, 1),
    (32, 4, 'ddouris1k@slashdot.org', '242-966-4679', '57219 Kennedy Parkway',18, 3),
    (33, 4, 'gbrigstock9@earthlink.net', '705-911-2715', '8421 Lighthouse Bay Alley',18, 2),
    (34, 4, 'nwerrettd@mysql.com', '453-181-8625', '97245 Randy Center',18, 1),
    (35, 4, 'ktetfordh@webnode.com', '649-104-1818', '4175 Ruskin Terrace',18, 2),
    (36, 4, 'gewensonj@networkadvertising.org', '501-568-9187', '881 Tennyson Hill',18, 5),
    (37, 4, 'cdooherl@edublogs.org', '194-304-1544', '834 Hollow Ridge Court',18, 5),
    (38, 4, 'fmccardq@craigslist.org', '833-488-0801', '07698 Fieldstone Center',18, 1),
    (39, 5, 'bberteletz@soundcloud.com', '320-878-7865', '8 Green Ridge Parkway',18, 1),
    (40, 5, 'skubacki1q@ucoz.com', '314-981-5436', '19 Northland Hill',18, 4),
    (41, 5, 'vjagger20@infoseek.co.jp', '924-559-1988', '984 Village Street',18, 5),
    (42, 5, 'mmitchely29@loc.gov', '634-134-5183', '44237 Kennedy Park',18, 2),
    (43, 5, 'mames2j@engadget.com', '629-826-2513', '3 Sutherland Plaza',18, 3),
    (44, 5, 'lnormavill2r@newyorker.com', '867-583-4203', '9 Roxbury Crossing',18, 4),
    (45, 5, 'lweatherhill4@go.com', '971-423-8552', '363 Summit Junction',18, 5),
    (46, 5, 'valgy8@nps.gov', '903-770-3627', '08 Hagan Avenue',18, 1),
    (47, 5, 'zfunnellc@ftc.gov', '520-540-8903', '7260 Hintze Way',18, 4),
    (48, 5, 'uluttyg@tamu.edu', '525-595-8947', '34574 Laurel Terrace',18, 5),
    (49, 5, 'cpirellik@webs.com', '266-852-2418', '08585 Golf Course Center',18, 1),
    (50, 5, 'abalassio@msu.edu', '722-105-5955', '915 Corben Alley',18, 5);

--Insert Rooms
insert into Room (RoomID, HotelID, Price, Capacity, Amenities, SeaView, MountainView, isExtendable, Problems) values
                                                                                                                  (1, 1, 384.9, 5, 'AC', true, true, true, 'The air conditioner wasn’t working properly'),
                                                                                                                  (2, 1, 384.4, 3, 'Coffee maker', true, false, true, 'The air conditioner wasn’t working properly'),
                                                                                                                  (3, 1, 276.0, 3, 'Wi-Fi', true, true, true, 'The walls are too thin, I could hear everything from the next room'),
                                                                                                                  (4, 1, 121.9, 2, 'Wi-Fi', true, false, false, 'The front desk staff was rude or unhelpful'),
                                                                                                                  (5, 1, 55.3, 5, 'Housekeeping', true, true, false, null),
                                                                                                                  (6, 1, 291.3, 5, 'AC', false, false, false, 'The shower had very low water pressure'),
                                                                                                                  (7, 1, 73.8, 5, 'Housekeeping', true, true, true, 'The breakfast was cold and not fresh'),
                                                                                                                  (8, 1, 137.3, 5, 'Kettle', true, true, false, 'The shower had very low water pressure'),
                                                                                                                  (9, 2, 398.6, 2, 'Dining table', true, true, true, null),
                                                                                                                  (10, 2, 116.5, 5, 'Kettle', true, false, false, null),
                                                                                                                  (11, 2, 205.0, 4, 'Wi-Fi', false, false, true, 'The front desk staff was rude or unhelpful'),
                                                                                                                  (12, 2, 249.9, 5, 'TV', true, true, true, 'The door lock didn’t feel secure'),
                                                                                                                  (13, 2, 100.4, 5, 'Wi-Fi', true, false, false, 'The bed was uncomfortable and creaky'),
                                                                                                                  (14, 2, 284.5, 1, 'Housekeeping', true, false, false, null),
                                                                                                                  (15, 2, 234.4, 4, 'AC', false, false, false, 'The bed was uncomfortable and creaky'),
                                                                                                                  (16, 2, 184.6, 5, 'Kettle', false, false, true, 'The breakfast was cold and not fresh'),
                                                                                                                  (17, 3, 75.5, 3, 'AC', false, false, false, 'The bed was uncomfortable and creaky'),
                                                                                                                  (18, 3, 364.5, 4, 'Kettle', true, false, true, 'The air conditioner wasn’t working properly'),
                                                                                                                  (19, 3, 335.8, 1, 'Dining table', true, false, false, null),
                                                                                                                  (20, 3, 246.4, 5, 'Balcony', true, false, true, 'The air conditioner wasn’t working properly'),
                                                                                                                  (21, 3, 278.4, 3, 'AC', true, true, false, 'The door lock didn’t feel secure'),
                                                                                                                  (22, 3, 102.1, 5, 'Coffee maker', true, false, true, null),
                                                                                                                  (23, 3, 188.4, 1, 'Balcony', false, false, true, 'The bed was uncomfortable and creaky'),
                                                                                                                  (24, 3, 301.0, 1, 'Kettle', false, false, false, null),
                                                                                                                  (25, 4, 367.0, 2, 'Coffee maker', false, false, true, null),
                                                                                                                  (26, 4, 121.2, 3, 'Dining table', false, false, true, null),
                                                                                                                  (27, 4, 165.8, 5, 'TV', true, false, true, null),
                                                                                                                  (28, 4, 233.3, 2, 'AC', true, false, true, ''),
                                                                                                                  (29, 4, 264.8, 4, 'Coffee maker', false, false, false, null),
                                                                                                                  (30, 4, 358.9, 2, 'Housekeeping', false, false, true, ''),
                                                                                                                  (31, 4, 291.0, 3, 'Wi-Fi', false, true, false, null),
                                                                                                                  (32, 4, 385.4, 3, 'Housekeeping', true, true, false, null),
                                                                                                                  (33, 5, 362.5, 2, 'AC', false, false, true, 'The breakfast was cold and not fresh'),
                                                                                                                  (34, 5, 61.0, 1, 'Kettle', true, true, false, 'The breakfast was cold and not fresh'),
                                                                                                                  (35, 5, 196.3, 1, 'Kettle', true, true, false, 'The front desk staff was rude or unhelpful'),
                                                                                                                  (36, 5, 227.8, 2, 'TV', false, false, false, null),
                                                                                                                  (37, 5, 308.6, 5, 'Balcony', true, true, false, 'The bed was uncomfortable and creaky'),
                                                                                                                  (38, 5, 265.0, 4, 'Wi-Fi', false, true, true, null),
                                                                                                                  (39, 5, 171.1, 2, 'AC', true, true, false, 'The room wasn’t cleaned properly before my arrival'),
<<<<<<< HEAD
                                                                                                                  (40, 5, 319.5, 4, 'Kettle', false, false, false, null);
=======
                                                                                                                  (40, 5, 319.5, 4, 'Kettle', false, false, false, null),
                                                                                                                  (41, 6, 344.3, 4, 'Balcony, Housekeeping, Bed, Desk, Oven, Sofa', true, true, true, 'The air conditioner wasn’t working properly.'),
                                                                                                                  (42, 6, 74.3, 3, 'Kettle, Bed, Wi-Fi, Bathtub, TV, AC', false, false, false, null),
                                                                                                                  (43, 6, 333.6, 1, 'AC, Desk, TV, Sofa, Oven, Housekeeping', false, false, false, null),
                                                                                                                  (44, 6, 86.4, 3, 'Housekeeping, Sofa, Oven, Kettle, Wi-Fi, Keycard access', false, false, false, null),
                                                                                                                  (45, 6, 287.7, 1, 'Bed, Wi-Fi, AC, Kettle, Bathtub, TV', true, true, true, null),
                                                                                                                  (46, 6, 250.6, 5, 'TV, AC, Sofa, Desk, Balcony, Housekeeping', false, true, true, null),
                                                                                                                  (47, 6, 377.6, 4, 'Keycard access, Housekeeping, Balcony, Kettle, Oven, Wi-Fi', false, false, false, 'The front desk staff was rude or unhelpful.'),
                                                                                                                  (48, 7, 317.4, 5, 'AC, Keycard access, Kettle, Desk, Housekeeping, Bathtub', true, false, true, null),
                                                                                                                  (49, 7, 183.2, 1, 'Keycard access, Kettle, AC, Balcony, Bed, Desk', true, true, true, null),
                                                                                                                  (50, 7, 319.3, 4, 'Kettle, AC, Sofa, Housekeeping, Oven, Bed', true, false, false, null),
                                                                                                                  (51, 7, 71.8, 3, 'Wi-Fi, Balcony, Bed, AC, Bathtub, Kettle', true, true, true, 'Unexpected fees were added to my bill.'),
                                                                                                                  (52, 7, 241.1, 5, 'Kettle, Bed, Balcony, Sofa, Oven, Keycard access', false, false, false, null),
                                                                                                                  (53, 7, 277.0, 1, 'Bathtub, Keycard access, TV, Wi-Fi, Sofa, Bed', true, false, false, null),
                                                                                                                  (54, 7, 171.6, 3, 'Bathtub, Housekeeping, Bed, AC, Sofa, Wi-Fi', false, true, true, null),
                                                                                                                  (55, 7, 203.3, 4, 'Bed, Bathtub, Desk, AC, Oven, Keycard access', true, false, false, null),
                                                                                                                  (56, 8, 355.7, 2, 'Wi-Fi, Housekeeping, Bathtub, Oven, AC, TV', false, true, true, 'Unexpected fees were added to my bill.'),
                                                                                                                  (57, 8, 375.7, 4, 'Keycard access, Wi-Fi, Bed, Desk, Balcony, AC', true, false, false, null),
                                                                                                                  (58, 8, 301.2, 5, 'Wi-Fi, Bed, TV, Desk, Oven, Balcony', false, false, false, null),
                                                                                                                  (59, 8, 378.9, 2, 'Keycard access, Balcony, Kettle, Oven, Desk, AC', false, true, false, null),
                                                                                                                  (60, 8, 162.0, 1, 'Bed, Keycard access, Bathtub, Oven, Balcony, Kettle', true, true, true, null),
                                                                                                                  (61, 8, 192.1, 1, 'Oven, Kettle, AC, Bathtub, Wi-Fi, Desk', true, false, true, null),
                                                                                                                  (62, 8, 156.0, 4, 'Sofa, Wi-Fi, Kettle, AC, Bed, Bathtub', false, true, true, null),
                                                                                                                  (63, 8, 210.2, 5, 'Bed, AC, Keycard access, Wi-Fi, Housekeeping, Oven', false, true, false, null),
                                                                                                                  (64, 9, 123.1, 4, 'Bed, Keycard access, Balcony, Wi-Fi, Housekeeping, Desk', true, true, false, 'The room wasn’t cleaned properly before my arrival.'),
                                                                                                                  (65, 9, 337.4, 3, 'Keycard access, Bed, AC, Oven, Bathtub, Desk', true, false, false, null),
                                                                                                                  (66, 9, 292.6, 4, 'Oven, Desk, Keycard access, Bed, Wi-Fi, Bathtub', true, false, true, null),
                                                                                                                  (67, 9, 79.3, 2, 'Keycard access, Wi-Fi, Kettle, Bed, Balcony, AC', false, false, true, null),
                                                                                                                  (68, 9, 177.1, 1, 'TV, Kettle, Oven, Bathtub, Housekeeping, Bed', true, false, false, null),
                                                                                                                  (69, 9, 129.4, 4, 'AC, Bed, Desk, Sofa, Keycard access, Balcony', true, true, true, null),
                                                                                                                  (70, 9, 96.3, 1, 'Keycard access, Oven, Bed, Bathtub, Housekeeping, AC', false, true, true, null),
                                                                                                                  (71, 9, 181.9, 2, 'Wi-Fi, Desk, Bathtub, Kettle, Keycard access, Bed', true, false, false, null),
                                                                                                                  (72, 10, 375.2, 2, 'Wi-Fi, Bed, Bathtub, TV, Desk, AC', true, true, true, 'The breakfast was cold and not fresh.'),
                                                                                                                  (73, 10, 124.2, 4, 'Sofa, Oven, Bathtub, Housekeeping, Bed, Desk', true, true, true, null),
                                                                                                                  (74, 10, 350.3, 4, 'Kettle, TV, AC, Desk, Sofa, Bathtub', false, false, false, null),
                                                                                                                  (75, 10, 355.0, 5, 'Housekeeping, Wi-Fi, Kettle, Oven, Balcony, Bed', false, false, false, null),
                                                                                                                  (76, 10, 163.9, 3, 'Balcony, Bed, Housekeeping, Keycard access, Desk, Kettle', false, false, false, null),
                                                                                                                  (77, 10, 330.7, 1, 'Kettle, Housekeeping, Bathtub, Oven, Sofa, AC', false, true, true, null),
                                                                                                                  (78, 10, 388.2, 3, 'Sofa, AC, TV, Wi-Fi, Oven, Housekeeping', true, false, true, null),
                                                                                                                  (79, 10, 257.3, 4, 'Bed, Housekeeping, TV, Keycard access, Balcony, Sofa', false, true, true, null),
                                                                                                                  (80, 11, 100.6, 4, 'TV, Keycard access, Desk, Sofa, Bathtub, Balcony', true, true, true, null),
                                                                                                                  (81, 11, 289.7, 3, 'Desk, Housekeeping, AC, Bathtub, Wi-Fi, Oven', true, false, false, null),
                                                                                                                  (82, 11, 336.3, 3, 'Desk, TV, Bathtub, Bed, Balcony, Housekeeping', true, true, false, null),
                                                                                                                  (83, 11, 182.7, 1, 'Bed, Oven, Desk, Wi-Fi, Keycard access, Kettle', false, true, false, null),
                                                                                                                  (84, 11, 210.4, 5, 'Balcony, Oven, Desk, Bed, Sofa, Housekeeping', false, false, false, 'The walls are too thin, I could hear everything from the next room.'),
                                                                                                                  (85, 11, 263.8, 4, 'AC, Housekeeping, Desk, Sofa, Oven, Kettle', false, false, false, null),
                                                                                                                  (86, 11, 91.4, 1, 'Wi-Fi, Kettle, Balcony, Keycard access, Desk, TV', false, true, true, null),
                                                                                                                  (87, 11, 81.5, 1, 'Wi-Fi, Bathtub, AC, Balcony, Housekeeping, Keycard access', true, true, false, null),
                                                                                                                  (88, 12, 64.6, 2, 'Wi-Fi, Bed, Bathtub, Housekeeping, AC, TV', true, true, false, 'The walls are too thin, I could hear everything from the next room.'),
                                                                                                                  (89, 12, 121.4, 2, 'Oven, Desk, Bathtub, Housekeeping, Balcony, Sofa', false, false, false, null),
                                                                                                                  (90, 12, 191.8, 1, 'Bathtub, Kettle, Sofa, Oven, Balcony, Keycard access', false, false, true, 'Unexpected fees were added to my bill.'),
                                                                                                                  (91, 12, 261.6, 3, 'Kettle, Balcony, TV, Bathtub, Wi-Fi, AC', false, false, true, null),
                                                                                                                  (92, 12, 306.5, 3, 'Bed, AC, Sofa, Balcony, Wi-Fi, Oven', true, true, false, null),
                                                                                                                  (93, 12, 183.5, 5, 'TV, Oven, Housekeeping, Balcony, Bed, Sofa', false, true, false, null),
                                                                                                                  (94, 12, 213.5, 4, 'Oven, Bathtub, Keycard access, Kettle, Wi-Fi, Desk', true, true, false, null),
                                                                                                                  (95, 12, 202.3, 1, 'Oven, Wi-Fi, Desk, Sofa, Kettle, Balcony', true, true, false, 'The door lock didn’t feel secure.'),
                                                                                                                  (96, 13, 212.1, 2, 'Wi-Fi, Balcony, AC, Oven, Bathtub, Housekeeping', false, true, true, null),
                                                                                                                  (97, 13, 102.2, 1, 'TV, Wi-Fi, Sofa, Bathtub, AC, Kettle', true, true, false, null),
                                                                                                                  (98, 13, 100.1, 2, 'Wi-Fi, Housekeeping, Bed, Balcony, Bathtub, Oven', true, true, false, null),
                                                                                                                  (99, 13, 224.7, 5, 'Oven, Keycard access, Sofa, Housekeeping, AC, Desk', true, false, false, 'The room wasn’t cleaned properly before my arrival.'),
                                                                                                                  (100, 13, 77.3, 3, 'Housekeeping, Kettle, TV, Balcony, Oven, Wi-Fi', true, true, false, null),
                                                                                                                  (101, 13, 149.5, 1, 'AC, Housekeeping, Oven, Bathtub, Wi-Fi, Keycard access', false, true, true, null),
                                                                                                                  (102, 13, 372.4, 5, 'Oven, TV, Sofa, AC, Wi-Fi, Bathtub', false, true, true, null),
                                                                                                                  (103, 13, 126.5, 2, 'Balcony, Housekeeping, Desk, Wi-Fi, Kettle, Keycard access', false, false, true, null),
                                                                                                                  (104, 14, 212.1, 3, 'Sofa, Wi-Fi, TV, Oven, Keycard access, Bathtub', true, true, true, null),
                                                                                                                  (105, 14, 175.9, 5, 'Sofa, Wi-Fi, Bathtub, Kettle, Bed, Balcony', true, false, true, null),
                                                                                                                  (106, 14, 329.2, 4, 'Oven, Sofa, Bathtub, Wi-Fi, Keycard access, Desk', false, false, false, null),
                                                                                                                  (107, 14, 118.6, 4, 'Keycard access, Housekeeping, Bathtub, Kettle, AC, Bed', true, true, false, null),
                                                                                                                  (108, 14, 107.6, 5, 'Oven, Desk, Sofa, Wi-Fi, AC, Bathtub', true, false, true, null),
                                                                                                                  (109, 14, 363.9, 5, 'TV, Oven, Balcony, Sofa, Bed, Desk', true, true, false, 'The front desk staff was rude or unhelpful.'),
                                                                                                                  (110, 14, 248.4, 5, 'Oven, Wi-Fi, Bathtub, Keycard access, Balcony, Bed', true, false, false, null),
                                                                                                                  (111, 14, 325.8, 2, 'TV, Sofa, Oven, Balcony, AC, Wi-Fi', true, true, false, null),
                                                                                                                  (112, 15, 149.4, 1, 'TV, Desk, Balcony, AC, Keycard access, Bed', true, false, false, null),
                                                                                                                  (113, 15, 326.7, 5, 'Bed, Keycard access, Desk, AC, Housekeeping, Sofa', false, true, false, null),
                                                                                                                  (114, 15, 276.3, 3, 'TV, Sofa, AC, Balcony, Kettle, Desk', true, false, false, 'The front desk staff was rude or unhelpful.'),
                                                                                                                  (115, 15, 399.3, 5, 'Kettle, Wi-Fi, Bathtub, Keycard access, Oven, Desk', true, false, true, null),
                                                                                                                  (116, 15, 200.5, 1, 'Keycard access, Sofa, TV, Desk, Bed, Oven', false, false, true, null),
                                                                                                                  (117, 15, 391.9, 1, 'Sofa, Wi-Fi, Keycard access, Housekeeping, Balcony, TV', false, false, true, 'The door lock didn’t feel secure.'),
                                                                                                                  (118, 15, 114.0, 3, 'Sofa, AC, Oven, Balcony, Wi-Fi, Keycard access', false, false, false, null),
                                                                                                                  (119, 15, 58.0, 2, 'Bed, Kettle, AC, Keycard access, Balcony, Bathtub', false, false, false, null),
                                                                                                                  (120, 16, 298.9, 1, 'Balcony, Kettle, Sofa, Bathtub, Wi-Fi, Desk', true, false, true, 'The breakfast was cold and not fresh.'),
                                                                                                                  (121, 16, 365.0, 5, 'Housekeeping, Bed, Keycard access, Balcony, AC, Wi-Fi', true, true, true, null),
                                                                                                                  (122, 16, 248.8, 2, 'Desk, Balcony, Oven, Wi-Fi, Housekeeping, Bed', false, true, true, null),
                                                                                                                  (123, 16, 316.8, 1, 'Desk, Keycard access, Oven, Sofa, Wi-Fi, Balcony', false, true, true, 'The door lock didn’t feel secure.'),
                                                                                                                  (124, 16, 222.5, 1, 'Keycard access, AC, Wi-Fi, Balcony, Housekeeping, Desk', false, false, true, null),
                                                                                                                  (125, 16, 358.6, 3, 'Kettle, Keycard access, TV, Sofa, Wi-Fi, Bed', false, false, true, null),
                                                                                                                  (126, 16, 89.1, 4, 'Oven, TV, Keycard access, Sofa, Housekeeping, Bed', true, false, false, null),
                                                                                                                  (127, 16, 138.7, 5, 'Bathtub, Balcony, TV, Oven, Sofa, Keycard access', false, true, false, 'The shower had very low water pressure..The bed was uncomfortable and creaky.'),
                                                                                                                  (128, 17, 240.4, 4, 'Desk, Kettle, Balcony, Sofa, Oven, AC', false, true, true, null),
                                                                                                                  (129, 17, 283.2, 5, 'Oven, Desk, Kettle, Bed, TV, Bathtub', false, false, true, null),
                                                                                                                  (130, 17, 231.4, 4, 'Sofa, TV, AC, Kettle, Balcony, Keycard access', false, true, true, null),
                                                                                                                  (131, 17, 142.8, 3, 'Kettle, Oven, Housekeeping, AC, Sofa, Balcony', false, true, false, null),
                                                                                                                  (132, 17, 142.4, 1, 'Keycard access, Desk, Balcony, Bed, Sofa, Wi-Fi', true, false, true, 'The front desk staff was rude or unhelpful.'),
                                                                                                                  (133, 17, 390.8, 5, 'AC, Keycard access, Oven, Sofa, Balcony, Kettle', false, true, false, null),
                                                                                                                  (134, 17, 383.5, 3, 'Bed, Housekeeping, Oven, Kettle, Keycard access, AC', false, true, true, null),
                                                                                                                  (135, 17, 307.0, 2, 'Kettle, TV, Bed, Housekeeping, Sofa, Desk', false, true, false, null),
                                                                                                                  (136, 18, 143.8, 1, 'Wi-Fi, Bed, Bathtub, Housekeeping, Oven, AC', true, false, true, null),
                                                                                                                  (137, 18, 233.3, 5, 'Keycard access, Desk, Oven, Balcony, Bathtub, Bed', false, true, true, null),
                                                                                                                  (138, 18, 76.1, 3, 'TV, Oven, Housekeeping, Sofa, Bathtub, Desk', true, true, true, null),
                                                                                                                  (139, 18, 378.8, 1, 'TV, Bed, Housekeeping, Balcony, Wi-Fi, Bathtub', true, true, false, null),
                                                                                                                  (140, 18, 108.2, 1, 'Bed, Oven, Wi-Fi, Balcony, Desk, Sofa', true, false, false, null),
                                                                                                                  (141, 18, 219.8, 2, 'Bed, TV, Desk, Bathtub, Wi-Fi, Sofa', true, true, true, null),
                                                                                                                  (142, 18, 141.2, 4, 'Oven, Desk, Kettle, AC, TV, Keycard access', false, true, true, null),
                                                                                                                  (143, 18, 278.5, 3, 'Sofa, Balcony, AC, Desk, Wi-Fi, Keycard access', false, true, false, null),
                                                                                                                  (144, 19, 386.0, 3, 'Keycard access, AC, Bathtub, TV, Wi-Fi, Kettle', true, true, true, null),
                                                                                                                  (145, 19, 103.7, 5, 'Bathtub, AC, Oven, Housekeeping, Desk, Kettle', false, false, false, null),
                                                                                                                  (146, 19, 110.7, 5, 'TV, Desk, Wi-Fi, Keycard access, Bathtub, Balcony', true, false, true, null),
                                                                                                                  (147, 19, 315.1, 4, 'Sofa, Housekeeping, Wi-Fi, AC, Desk, Keycard access', true, true, false, 'The air conditioner wasn’t working properly.'),
                                                                                                                  (148, 19, 386.5, 2, 'Kettle, TV, Keycard access, Oven, Housekeeping, AC', true, false, true, null),
                                                                                                                  (149, 19, 252.3, 5, 'Wi-Fi, Bathtub, Bed, AC, Sofa, Kettle', false, false, true, 'The front desk staff was rude or unhelpful.'),
                                                                                                                  (150, 19, 91.0, 4, 'Balcony, Desk, Kettle, AC, Sofa, TV', true, true, true, null),
                                                                                                                  (151, 19, 324.2, 4, 'Bathtub, Bed, Sofa, TV, Keycard access, Kettle', false, false, false, null),
                                                                                                                  (152, 20, 265.7, 2, 'AC, Oven, Keycard access, Wi-Fi, TV, Bed', true, true, true, null),
                                                                                                                  (153, 20, 370.3, 5, 'TV, Wi-Fi, Kettle, Housekeeping, Sofa, Balcony', false, true, true, 'The air conditioner wasn’t working properly.'),
                                                                                                                  (154, 20, 248.9, 4, 'Balcony, Housekeeping, AC, Bed, Desk, Wi-Fi', true, false, true, 'The room wasn’t cleaned properly before my arrival.'),
                                                                                                                  (155, 20, 139.6, 5, 'Bed, Oven, Sofa, TV, Housekeeping, Balcony', true, true, false, null),
                                                                                                                  (156, 20, 310.5, 4, 'Wi-Fi, Keycard access, Bed, Desk, AC, Balcony', true, false, true, null),
                                                                                                                  (157, 20, 104.6, 2, 'Housekeeping, Bed, Kettle, AC, Oven, Bathtub', true, true, false, null),
                                                                                                                  (158, 20, 120.8, 4, 'Bathtub, Keycard access, TV, Sofa, Balcony, Bed', false, false, true, null),
                                                                                                                  (159, 20, 125.2, 1, 'Keycard access, TV, Kettle, Bed, Oven, AC', true, true, true, null),
                                                                                                                  (160, 21, 357.1, 5, 'Balcony, Desk, Sofa, Housekeeping, Keycard access, AC', true, false, true, null),
                                                                                                                  (161, 21, 288.1, 3, 'Desk, Sofa, TV, Kettle, AC, Bathtub', true, true, false, null),
                                                                                                                  (162, 21, 320.8, 1, 'Oven, Housekeeping, Sofa, AC, Desk, Bed', true, false, false, null),
                                                                                                                  (163, 21, 274.4, 5, 'Keycard access, Desk, Kettle, Sofa, Balcony, AC', true, false, true, null),
                                                                                                                  (164, 21, 135.7, 1, 'TV, Housekeeping, AC, Bed, Desk, Keycard access', false, false, false, null),
                                                                                                                  (165, 21, 132.8, 5, 'Sofa, Desk, Housekeeping, Keycard access, TV, Wi-Fi', true, false, false, null),
                                                                                                                  (166, 21, 209.4, 1, 'Oven, Balcony, Kettle, Wi-Fi, Bathtub, AC', false, false, false, null),
                                                                                                                  (167, 21, 281.7, 5, 'Wi-Fi, Keycard access, Kettle, Sofa, Balcony, Housekeeping', false, false, true, null),
                                                                                                                  (168, 22, 328.3, 3, 'Keycard access, Kettle, Oven, Desk, Wi-Fi, Sofa', true, true, true, null),
                                                                                                                  (169, 22, 358.3, 1, 'Wi-Fi, Desk, Bed, Kettle, Bathtub, Housekeeping', true, true, false, null),
                                                                                                                  (170, 22, 181.3, 5, 'Bathtub, AC, TV, Kettle, Desk, Balcony', true, true, false, null),
                                                                                                                  (171, 22, 233.2, 5, 'Oven, Kettle, Bed, Wi-Fi, Desk, Bathtub', true, false, true, null),
                                                                                                                  (172, 22, 381.1, 3, 'Keycard access, AC, Kettle, Wi-Fi, Sofa, TV', false, true, false, null),
                                                                                                                  (173, 22, 248.1, 1, 'AC, Bathtub, Desk, Housekeeping, Kettle, Keycard access', false, false, false, null),
                                                                                                                  (174, 22, 381.2, 4, 'TV, Oven, Kettle, Keycard access, Desk, AC', true, false, true, null),
                                                                                                                  (175, 22, 97.1, 4, 'Balcony, Sofa, AC, Keycard access, Oven, Bathtub', false, false, false, null),
                                                                                                                  (176, 23, 63.2, 4, 'Keycard access, Desk, AC, Sofa, Oven, Bathtub', false, true, false, 'Unexpected fees were added to my bill.'),
                                                                                                                  (177, 23, 253.2, 3, 'Keycard access, Sofa, Wi-Fi, Kettle, Oven, AC', true, false, true, 'The door lock didn’t feel secure.'),
                                                                                                                  (178, 23, 355.5, 2, 'Oven, AC, Bathtub, Housekeeping, Sofa, Balcony', true, false, false, null),
                                                                                                                  (179, 23, 393.9, 3, 'Wi-Fi, AC, Oven, Desk, Sofa, Housekeeping', false, false, false, 'The walls are too thin, I could hear everything from the next room.'),
                                                                                                                  (180, 23, 127.1, 5, 'Keycard access, Wi-Fi, Desk, AC, Housekeeping, Sofa', true, false, false, null),
                                                                                                                  (181, 23, 111.2, 3, 'Kettle, Oven, Bathtub, Keycard access, Balcony, Desk', true, true, true, null),
                                                                                                                  (182, 23, 163.8, 2, 'Housekeeping, Bathtub, TV, Wi-Fi, Bed, Oven', true, true, false, null),
                                                                                                                  (183, 23, 305.6, 3, 'Housekeeping, Kettle, Sofa, Balcony, Bathtub, Wi-Fi', false, true, true, null),
                                                                                                                  (184, 24, 388.3, 2, 'AC, Housekeeping, Balcony, Bed, Oven, Sofa', true, false, true, null),
                                                                                                                  (185, 24, 261.1, 5, 'Balcony, Keycard access, Sofa, AC, Wi-Fi, Oven', false, true, false, null),
                                                                                                                  (186, 24, 72.5, 3, 'Housekeeping, Bathtub, Keycard access, Kettle, AC, TV', true, true, true, null),
                                                                                                                  (187, 24, 366.1, 4, 'Kettle, TV, Housekeeping, Bathtub, Oven, Balcony', false, false, false, null),
                                                                                                                  (188, 24, 318.7, 3, 'Wi-Fi, Kettle, AC, Bathtub, Desk, Oven', false, true, true, null),
                                                                                                                  (189, 24, 198.5, 4, 'Keycard access, Wi-Fi, Oven, Sofa, AC, Desk', true, true, true, null),
                                                                                                                  (190, 24, 175.4, 4, 'Kettle, Sofa, Bed, Keycard access, TV, Wi-Fi', true, true, false, null),
                                                                                                                  (191, 24, 147.8, 4, 'Balcony, Desk, Housekeeping, Bed, Oven, AC', true, true, true, 'The walls are too thin, I could hear everything from the next room.'),
                                                                                                                  (192, 25, 369.8, 3, 'Balcony, Oven, Desk, AC, Housekeeping, Bathtub', false, false, false, null),
                                                                                                                  (193, 25, 274.1, 1, 'Balcony, Kettle, TV, Oven, Housekeeping, Bed', false, true, true, null),
                                                                                                                  (194, 25, 189.5, 4, 'Bathtub, AC, Housekeeping, Keycard access, Sofa, Desk', true, false, true, null),
                                                                                                                  (195, 25, 255.9, 2, 'Housekeeping, Bed, Balcony, Bathtub, Kettle, TV', false, false, true, null),
                                                                                                                  (196, 25, 273.9, 3, 'Bathtub, Bed, Wi-Fi, Sofa, Kettle, AC', false, false, false, 'Unexpected fees were added to my bill.'),
                                                                                                                  (197, 25, 242.3, 4, 'Keycard access, Kettle, Balcony, Desk, TV, Bathtub', false, false, true, null),
                                                                                                                  (198, 25, 188.8, 2, 'Bathtub, Wi-Fi, Oven, Bed, Desk, Balcony', false, true, false, null),
                                                                                                                  (199, 25, 217.0, 4, 'AC, Keycard access, Bed, Housekeeping, Bathtub, Balcony', true, true, true, 'The breakfast was cold and not fresh.'),
                                                                                                                  (200, 26, 343.9, 3, 'Housekeeping, Sofa, Bathtub, Wi-Fi, Kettle, Bed', true, false, false, null),
                                                                                                                  (201, 26, 183.8, 5, 'Kettle, Wi-Fi, Bathtub, Oven, Bed, TV', true, true, true, null),
                                                                                                                  (202, 26, 314.1, 4, 'Bed, Desk, Oven, Balcony, AC, Bathtub', false, true, true, null),
                                                                                                                  (203, 26, 225.6, 5, 'Balcony, Keycard access, Bed, Bathtub, Oven, TV', false, false, false, null),
                                                                                                                  (204, 26, 95.1, 5, 'Wi-Fi, Bathtub, AC, Housekeeping, Bed, Kettle', true, true, true, null),
                                                                                                                  (205, 26, 387.0, 5, 'Sofa, Kettle, Desk, Keycard access, TV, Balcony', false, true, false, null),
                                                                                                                  (206, 26, 304.8, 3, 'Desk, Sofa, TV, Bed, Kettle, Keycard access', true, false, false, null),
                                                                                                                  (207, 26, 175.3, 1, 'Bathtub, Housekeeping, AC, Keycard access, Bed, Sofa', false, true, true, null),
                                                                                                                  (208, 27, 198.7, 3, 'AC, Wi-Fi, TV, Bed, Bathtub, Kettle', false, true, true, null),
                                                                                                                  (209, 27, 384.1, 4, 'Wi-Fi, TV, Housekeeping, Keycard access, Bed, Bathtub', true, true, false, null),
                                                                                                                  (210, 27, 305.5, 2, 'Balcony, TV, Bathtub, Oven, Desk, Housekeeping', false, false, true, 'The walls are too thin, I could hear everything from the next room.'),
                                                                                                                  (211, 27, 288.8, 2, 'Kettle, Balcony, Housekeeping, Desk, Keycard access, Oven', false, false, false, null),
                                                                                                                  (212, 27, 215.1, 4, 'Kettle, AC, Desk, Bathtub, Sofa, Keycard access', true, true, false, null),
                                                                                                                  (213, 27, 383.5, 5, 'AC, Keycard access, Sofa, TV, Desk, Bed', false, false, false, 'Unexpected fees were added to my bill.'),
                                                                                                                  (214, 27, 67.0, 2, 'TV, Wi-Fi, Desk, Kettle, Keycard access, Bathtub', true, true, true, null),
                                                                                                                  (215, 27, 95.8, 1, 'Oven, Balcony, Housekeeping, AC, Kettle, Desk', true, false, true, null),
                                                                                                                  (216, 28, 144.1, 4, 'Balcony, Bed, Keycard access, Sofa, Housekeeping, Kettle', true, false, false, 'The room wasn’t cleaned properly before my arrival.'),
                                                                                                                  (217, 28, 224.8, 4, 'Balcony, Kettle, Housekeeping, Bed, Desk, Keycard access', true, true, false, null),
                                                                                                                  (218, 28, 108.1, 1, 'Housekeeping, Wi-Fi, Desk, Keycard access, Sofa, Balcony', true, true, true, 'The shower had very low water pressure..The bed was uncomfortable and creaky.'),
                                                                                                                  (219, 28, 290.2, 5, 'Housekeeping, AC, Kettle, Bathtub, Wi-Fi, Balcony', true, false, true, null),
                                                                                                                  (220, 28, 172.4, 1, 'Sofa, Desk, TV, Bathtub, AC, Housekeeping', true, false, false, null),
                                                                                                                  (221, 28, 213.3, 2, 'Housekeeping, Balcony, Wi-Fi, Bed, TV, Keycard access', false, true, false, null),
                                                                                                                  (222, 28, 268.7, 1, 'Bed, Wi-Fi, AC, Desk, Kettle, Sofa', false, true, true, null),
                                                                                                                  (223, 28, 166.4, 4, 'Bed, Bathtub, Housekeeping, Keycard access, Kettle, Oven', true, false, false, null),
                                                                                                                  (224, 29, 219.8, 5, 'Bed, Wi-Fi, AC, Housekeeping, Bathtub, Sofa', false, false, false, null),
                                                                                                                  (225, 29, 369.8, 3, 'Wi-Fi, Keycard access, Housekeeping, Desk, Balcony, AC', true, true, false, null),
                                                                                                                  (226, 29, 308.6, 4, 'Sofa, Balcony, Oven, Wi-Fi, Kettle, AC', false, true, false, null),
                                                                                                                  (227, 29, 244.7, 3, 'TV, Kettle, Desk, Oven, AC, Balcony', true, true, true, null),
                                                                                                                  (228, 29, 233.6, 5, 'Sofa, Keycard access, Oven, Desk, Balcony, Bathtub', false, true, true, null),
                                                                                                                  (229, 29, 284.2, 2, 'Sofa, Oven, Bed, TV, Kettle, Housekeeping', false, false, true, null),
                                                                                                                  (230, 29, 363.5, 4, 'Wi-Fi, Bathtub, Housekeeping, Oven, Desk, Balcony', true, true, false, null),
                                                                                                                  (231, 29, 127.4, 3, 'Keycard access, Sofa, Balcony, Desk, Bathtub, Housekeeping', true, false, true, null),
                                                                                                                  (232, 30, 166.1, 3, 'AC, TV, Wi-Fi, Oven, Balcony, Keycard access', true, true, true, 'The breakfast was cold and not fresh.'),
                                                                                                                  (233, 30, 381.5, 1, 'Sofa, AC, Desk, Keycard access, Balcony, TV', false, false, true, null),
                                                                                                                  (234, 30, 147.2, 2, 'Sofa, Housekeeping, Oven, Bed, Bathtub, TV', false, false, true, null),
                                                                                                                  (235, 30, 280.2, 5, 'Bed, Kettle, AC, Sofa, Bathtub, TV', true, false, true, null),
                                                                                                                  (236, 30, 233.8, 5, 'AC, Oven, TV, Keycard access, Bed, Bathtub', true, true, false, null),
                                                                                                                  (237, 30, 81.6, 3, 'Bed, Oven, Desk, Kettle, Keycard access, Housekeeping', true, true, true, null),
                                                                                                                  (238, 30, 322.7, 3, 'Housekeeping, Sofa, Balcony, TV, Keycard access, AC', false, true, true, null),
                                                                                                                  (239, 30, 139.2, 3, 'Oven, Bathtub, Bed, Keycard access, Kettle, Desk', false, false, false, null),
                                                                                                                  (240, 31, 357.0, 3, 'Bathtub, Keycard access, Kettle, Sofa, Bed, TV', true, false, false, null),
                                                                                                                  (241, 31, 50.7, 4, 'Oven, Bed, Housekeeping, Kettle, Desk, AC', false, false, false, 'The door lock didn’t feel secure.'),
                                                                                                                  (242, 31, 89.4, 4, 'TV, Wi-Fi, Kettle, Keycard access, Oven, AC', true, true, true, null),
                                                                                                                  (243, 31, 170.3, 5, 'Bed, Sofa, TV, Housekeeping, Wi-Fi, AC', false, true, true, 'The walls are too thin, I could hear everything from the next room.'),
                                                                                                                  (244, 31, 308.1, 4, 'Sofa, AC, Bed, Keycard access, Housekeeping, Kettle', false, false, false, null),
                                                                                                                  (245, 31, 93.7, 2, 'Kettle, Sofa, Oven, Housekeeping, Bathtub, AC', false, true, false, null),
                                                                                                                  (246, 31, 97.5, 5, 'Desk, Housekeeping, Balcony, Bathtub, AC, TV', true, false, true, null),
                                                                                                                  (247, 31, 303.1, 1, 'Balcony, Bathtub, Bed, TV, Desk, Oven', true, false, true, null),
                                                                                                                  (248, 32, 279.4, 3, 'Keycard access, Housekeeping, Wi-Fi, Balcony, Kettle, Bed', true, false, true, null),
                                                                                                                  (249, 32, 297.1, 5, 'Balcony, Sofa, AC, TV, Wi-Fi, Desk', false, true, true, null),
                                                                                                                  (250, 32, 237.6, 3, 'TV, Oven, Bed, Bathtub, Balcony, Wi-Fi', true, false, false, null),
                                                                                                                  (251, 32, 263.2, 4, 'Sofa, Keycard access, Bed, Kettle, Oven, AC', true, true, true, null),
                                                                                                                  (252, 32, 337.6, 3, 'Sofa, Housekeeping, Keycard access, Bathtub, Oven, Kettle', false, false, false, null),
                                                                                                                  (253, 32, 129.3, 3, 'TV, Wi-Fi, Desk, Housekeeping, Oven, Bed', true, false, true, null),
                                                                                                                  (254, 32, 384.3, 1, 'Wi-Fi, Housekeeping, Oven, Sofa, Balcony, Bed', false, true, true, null),
                                                                                                                  (255, 32, 243.1, 4, 'Bathtub, Housekeeping, Oven, AC, Wi-Fi, Sofa', true, true, true, null),
                                                                                                                  (256, 33, 90.9, 5, 'AC, Bed, Wi-Fi, Balcony, Sofa, TV', true, false, false, null),
                                                                                                                  (257, 33, 389.8, 5, 'Bathtub, Balcony, Keycard access, Oven, Desk, Bed', true, false, false, null),
                                                                                                                  (258, 33, 123.4, 2, 'Housekeeping, Bathtub, Oven, Sofa, Balcony, Keycard access', false, true, false, null),
                                                                                                                  (259, 33, 229.9, 2, 'Bathtub, Wi-Fi, Balcony, Housekeeping, TV, Bed', true, false, false, null),
                                                                                                                  (260, 33, 153.5, 4, 'Balcony, Kettle, AC, Sofa, Desk, Housekeeping', false, true, false, null),
                                                                                                                  (261, 33, 243.2, 3, 'TV, Kettle, Bathtub, Wi-Fi, Desk, Keycard access', false, false, true, null),
                                                                                                                  (262, 33, 236.8, 1, 'TV, Balcony, Keycard access, Bed, AC, Sofa', true, false, true, null),
                                                                                                                  (263, 33, 81.0, 3, 'Oven, AC, Balcony, Bed, Bathtub, Wi-Fi', true, false, true, null),
                                                                                                                  (264, 34, 294.5, 5, 'Housekeeping, Oven, Sofa, Bed, Bathtub, TV', true, false, false, 'The walls are too thin, I could hear everything from the next room.'),
                                                                                                                  (265, 34, 394.8, 3, 'Desk, Balcony, AC, Sofa, TV, Bed', true, false, false, null),
                                                                                                                  (266, 34, 197.9, 5, 'Bed, Oven, Kettle, Keycard access, TV, Wi-Fi', true, true, false, null),
                                                                                                                  (267, 34, 354.4, 2, 'AC, TV, Balcony, Bathtub, Wi-Fi, Sofa', false, false, true, null),
                                                                                                                  (268, 34, 314.4, 2, 'Keycard access, Wi-Fi, Housekeeping, AC, Balcony, Kettle', false, true, true, 'The breakfast was cold and not fresh.'),
                                                                                                                  (269, 34, 101.0, 1, 'Balcony, Bathtub, Desk, Oven, Kettle, Wi-Fi', true, false, true, null),
                                                                                                                  (270, 34, 127.3, 4, 'Oven, Kettle, Balcony, Wi-Fi, Housekeeping, Desk', false, false, false, 'The walls are too thin, I could hear everything from the next room.'),
                                                                                                                  (271, 34, 307.9, 1, 'Bed, Bathtub, Wi-Fi, Desk, Oven, Housekeeping', false, false, false, null),
                                                                                                                  (272, 35, 298.2, 4, 'Bathtub, Keycard access, AC, Sofa, Balcony, TV', false, false, false, null),
                                                                                                                  (273, 35, 385.5, 5, 'Keycard access, Balcony, Sofa, Bathtub, Housekeeping, Oven', false, false, true, null),
                                                                                                                  (274, 35, 159.6, 2, 'Sofa, Wi-Fi, Bathtub, Housekeeping, AC, Kettle', true, true, false, 'The door lock didn’t feel secure.'),
                                                                                                                  (275, 35, 255.0, 2, 'Keycard access, Sofa, Kettle, Bathtub, Housekeeping, Bed', false, true, true, null),
                                                                                                                  (276, 35, 106.2, 4, 'Wi-Fi, AC, Sofa, Bed, TV, Desk', false, true, false, null),
                                                                                                                  (277, 35, 141.6, 1, 'Desk, Bed, Housekeeping, Balcony, AC, Sofa', true, true, true, 'The breakfast was cold and not fresh.'),
                                                                                                                  (278, 35, 103.6, 3, 'Kettle, Wi-Fi, AC, Bed, Desk, Sofa', true, false, true, 'The walls are too thin, I could hear everything from the next room.'),
                                                                                                                  (279, 35, 200.1, 3, 'Desk, Keycard access, Balcony, Bathtub, Oven, AC', false, true, false, null),
                                                                                                                  (280, 36, 122.1, 4, 'Keycard access, AC, Oven, Wi-Fi, Balcony, Desk', false, true, false, null),
                                                                                                                  (281, 36, 188.0, 3, 'Balcony, Wi-Fi, TV, Keycard access, Housekeeping, Bed', false, false, false, null),
                                                                                                                  (282, 36, 252.3, 2, 'Oven, TV, Kettle, Desk, Balcony, Housekeeping', true, true, false, null),
                                                                                                                  (283, 36, 238.7, 4, 'Desk, Bathtub, Housekeeping, Wi-Fi, Oven, Keycard access', false, true, true, null),
                                                                                                                  (284, 36, 118.6, 5, 'TV, Oven, Balcony, Bathtub, Bed, Housekeeping', true, true, true, null),
                                                                                                                  (285, 36, 244.3, 5, 'AC, Desk, Wi-Fi, Sofa, Housekeeping, Oven', true, false, true, null),
                                                                                                                  (286, 36, 361.7, 4, 'Sofa, Keycard access, TV, Wi-Fi, Oven, Bathtub', true, true, false, null),
                                                                                                                  (287, 36, 228.5, 2, 'Desk, Oven, Housekeeping, Keycard access, TV, Balcony', false, true, true, null),
                                                                                                                  (288, 37, 52.7, 5, 'TV, Housekeeping, Keycard access, AC, Wi-Fi, Kettle', false, false, true, 'The door lock didn’t feel secure.'),
                                                                                                                  (289, 37, 293.9, 3, 'TV, Sofa, Keycard access, Oven, Housekeeping, Balcony', false, true, true, null),
                                                                                                                  (290, 37, 249.7, 3, 'TV, Kettle, Sofa, Housekeeping, AC, Bathtub', false, false, false, null),
                                                                                                                  (291, 37, 207.1, 4, 'Kettle, Oven, Bathtub, Wi-Fi, Balcony, Housekeeping', false, false, false, 'The breakfast was cold and not fresh.'),
                                                                                                                  (292, 37, 290.3, 4, 'Bathtub, Wi-Fi, Oven, Keycard access, Bed, Desk', false, false, false, null),
                                                                                                                  (293, 37, 115.8, 2, 'Sofa, Balcony, Bathtub, Wi-Fi, Kettle, Desk', true, false, true, null),
                                                                                                                  (294, 37, 102.0, 5, 'Bed, Keycard access, Kettle, Wi-Fi, Desk, Sofa', false, true, true, 'The room wasn’t cleaned properly before my arrival.'),
                                                                                                                  (295, 37, 193.7, 5, 'Balcony, TV, Desk, Bathtub, Sofa, Keycard access', true, true, false, null),
                                                                                                                  (296, 38, 329.3, 5, 'Desk, AC, TV, Sofa, Kettle, Wi-Fi', false, false, true, null),
                                                                                                                  (297, 38, 200.5, 1, 'TV, Bathtub, Keycard access, Housekeeping, AC, Oven', false, false, true, null),
                                                                                                                  (298, 38, 253.2, 4, 'Desk, AC, Keycard access, Bed, Housekeeping, TV', true, false, true, null),
                                                                                                                  (299, 38, 117.7, 4, 'TV, Wi-Fi, Bed, Keycard access, Housekeeping, Kettle', false, false, true, null),
                                                                                                                  (300, 38, 79.2, 4, 'Oven, Kettle, Wi-Fi, AC, Housekeeping, Bed', false, false, false, null),
                                                                                                                  (301, 38, 233.3, 4, 'Wi-Fi, Bathtub, Sofa, Kettle, Housekeeping, Balcony', true, false, true, null),
                                                                                                                  (302, 38, 325.9, 2, 'AC, Desk, Kettle, Bed, TV, Balcony', true, false, true, null),
                                                                                                                  (303, 38, 299.6, 1, 'Kettle, Balcony, Bathtub, TV, Desk, Oven', true, false, false, null),
                                                                                                                  (304, 39, 173.9, 4, 'TV, Bathtub, Bed, Sofa, Balcony, AC', true, false, false, null),
                                                                                                                  (305, 39, 293.7, 3, 'Desk, Housekeeping, Bathtub, Keycard access, Balcony, AC', true, true, false, 'The front desk staff was rude or unhelpful.'),
                                                                                                                  (306, 39, 333.1, 5, 'Bathtub, Oven, Balcony, Bed, TV, Housekeeping', true, true, true, null),
                                                                                                                  (307, 39, 189.7, 3, 'AC, Sofa, Kettle, Wi-Fi, Oven, Housekeeping', false, false, false, 'The breakfast was cold and not fresh.'),
                                                                                                                  (308, 39, 137.9, 5, 'Wi-Fi, Keycard access, Sofa, AC, Desk, Kettle', true, false, true, null),
                                                                                                                  (309, 39, 245.8, 1, 'Keycard access, Bathtub, Bed, Housekeeping, Sofa, Wi-Fi', true, false, false, null),
                                                                                                                  (310, 39, 238.4, 5, 'Housekeeping, Oven, Wi-Fi, Keycard access, TV, Bathtub', true, true, true, null),
                                                                                                                  (311, 39, 322.2, 3, 'Kettle, TV, Keycard access, Bathtub, AC, Desk', true, true, true, null),
                                                                                                                  (312, 40, 178.3, 5, 'TV, Oven, Housekeeping, Sofa, AC, Desk', true, false, true, null),
                                                                                                                  (313, 40, 209.5, 4, 'TV, Kettle, Wi-Fi, Keycard access, Sofa, Desk', true, false, false, null),
                                                                                                                  (314, 40, 123.6, 4, 'Balcony, Desk, Wi-Fi, Kettle, Bathtub, Sofa', false, true, false, null),
                                                                                                                  (315, 40, 297.1, 2, 'TV, Oven, Kettle, Balcony, AC, Wi-Fi', false, false, false, null),
                                                                                                                  (316, 40, 273.0, 1, 'Wi-Fi, Desk, Bathtub, Sofa, Kettle, TV', true, true, true, null),
                                                                                                                  (317, 40, 76.7, 4, 'Oven, Bed, Wi-Fi, Housekeeping, Kettle, AC', true, false, true, null),
                                                                                                                  (318, 40, 50.7, 4, 'Bathtub, Desk, Oven, Keycard access, Wi-Fi, Housekeeping', false, false, false, null),
                                                                                                                  (319, 40, 216.7, 2, 'Housekeeping, Sofa, TV, Balcony, Oven, Wi-Fi', true, true, false, null),
                                                                                                                  (320, 41, 95.5, 5, 'TV, Bathtub, Kettle, Balcony, Keycard access, Housekeeping', false, false, false, null),
                                                                                                                  (321, 41, 386.7, 2, 'Oven, Wi-Fi, AC, Sofa, Kettle, Bed', false, false, false, null),
                                                                                                                  (322, 41, 177.2, 2, 'Bed, Balcony, Bathtub, Desk, AC, Oven', true, true, true, null),
                                                                                                                  (323, 41, 373.5, 2, 'Keycard access, Housekeeping, Kettle, TV, Bed, Oven', true, false, false, null),
                                                                                                                  (324, 41, 120.5, 5, 'TV, Bed, Oven, Sofa, Housekeeping, Wi-Fi', false, true, false, 'The room wasn’t cleaned properly before my arrival.'),
                                                                                                                  (325, 41, 300.1, 2, 'Oven, Wi-Fi, Keycard access, AC, TV, Balcony', false, false, true, null),
                                                                                                                  (326, 41, 320.5, 5, 'Desk, Kettle, Keycard access, Bed, Bathtub, TV', false, true, false, null),
                                                                                                                  (327, 41, 250.3, 3, 'Housekeeping, Kettle, Oven, TV, Keycard access, AC', false, false, false, null),
                                                                                                                  (328, 42, 358.7, 5, 'Bed, Desk, Keycard access, AC, Sofa, Housekeeping', true, true, false, null),
                                                                                                                  (329, 42, 347.5, 2, 'Bathtub, Housekeeping, Oven, Balcony, Kettle, AC', true, true, false, null),
                                                                                                                  (330, 42, 280.2, 5, 'TV, Sofa, Bed, Desk, Bathtub, Wi-Fi', false, true, true, null),
                                                                                                                  (331, 42, 238.3, 3, 'Balcony, AC, Housekeeping, Wi-Fi, TV, Kettle', true, false, false, null),
                                                                                                                  (332, 42, 264.8, 2, 'Oven, Kettle, AC, Keycard access, Bed, Balcony', true, false, true, null),
                                                                                                                  (333, 42, 103.7, 3, 'Bathtub, Keycard access, TV, Bed, AC, Housekeeping', false, true, true, null),
                                                                                                                  (334, 42, 362.0, 1, 'Desk, Kettle, TV, Bed, Oven, Sofa', false, false, false, 'The breakfast was cold and not fresh.'),
                                                                                                                  (335, 42, 357.4, 3, 'Wi-Fi, Housekeeping, Keycard access, Oven, Desk, Balcony', true, true, false, 'The door lock didn’t feel secure.'),
                                                                                                                  (336, 43, 311.1, 1, 'Wi-Fi, Kettle, Sofa, AC, Bathtub, TV', false, true, false, null),
                                                                                                                  (337, 43, 263.5, 4, 'Balcony, Keycard access, Desk, Kettle, Bed, Oven', true, false, true, null),
                                                                                                                  (338, 43, 263.0, 5, 'AC, Bathtub, TV, Housekeeping, Desk, Wi-Fi', false, false, true, null),
                                                                                                                  (339, 43, 321.9, 1, 'Wi-Fi, Oven, Balcony, AC, Desk, Bed', true, true, true, 'The shower had very low water pressure..The bed was uncomfortable and creaky.'),
                                                                                                                  (340, 43, 389.9, 3, 'Balcony, Bed, Wi-Fi, Bathtub, Housekeeping, Desk', false, false, true, null),
                                                                                                                  (341, 43, 192.9, 5, 'Oven, Balcony, Keycard access, Kettle, TV, AC', false, false, true, null),
                                                                                                                  (342, 43, 116.7, 1, 'Keycard access, Bathtub, AC, Bed, Kettle, Wi-Fi', false, true, false, null),
                                                                                                                  (343, 43, 141.8, 3, 'Housekeeping, Balcony, Bathtub, Oven, AC, Bed', true, true, false, null),
                                                                                                                  (344, 44, 265.6, 1, 'Sofa, Wi-Fi, TV, Desk, Bed, Kettle', false, true, true, 'The front desk staff was rude or unhelpful.'),
                                                                                                                  (345, 44, 56.7, 3, 'Balcony, Keycard access, Wi-Fi, Sofa, Desk, Kettle', false, true, false, null),
                                                                                                                  (346, 44, 300.6, 4, 'Keycard access, TV, Sofa, AC, Housekeeping, Desk', false, true, false, null),
                                                                                                                  (347, 44, 240.2, 3, 'AC, Sofa, Bathtub, Housekeeping, Oven, Kettle', true, true, true, null),
                                                                                                                  (348, 44, 238.6, 1, 'TV, Bed, Housekeeping, Oven, AC, Kettle', true, true, false, 'The air conditioner wasn’t working properly.'),
                                                                                                                  (349, 44, 257.1, 5, 'AC, Sofa, Keycard access, Balcony, Housekeeping, TV', false, true, true, 'The shower had very low water pressure..The bed was uncomfortable and creaky.'),
                                                                                                                  (350, 44, 226.8, 3, 'Sofa, Balcony, Oven, Bed, Wi-Fi, Kettle', true, true, false, null),
                                                                                                                  (351, 44, 294.5, 1, 'AC, Wi-Fi, Bed, TV, Oven, Desk', true, true, false, null),
                                                                                                                  (352, 45, 162.2, 2, 'Kettle, Wi-Fi, Bed, AC, TV, Oven', true, true, true, null),
                                                                                                                  (353, 45, 105.0, 1, 'Desk, Wi-Fi, TV, Bed, Housekeeping, Balcony', false, true, true, null),
                                                                                                                  (354, 45, 102.6, 4, 'Oven, Keycard access, TV, Bed, Wi-Fi, Housekeeping', true, false, true, 'The walls are too thin, I could hear everything from the next room.'),
                                                                                                                  (355, 45, 280.8, 2, 'Balcony, Bed, AC, Keycard access, Sofa, Bathtub', true, true, false, null),
                                                                                                                  (356, 45, 115.3, 3, 'Bed, Wi-Fi, Oven, Desk, Keycard access, AC', false, false, true, null),
                                                                                                                  (357, 45, 185.5, 5, 'Bed, TV, Balcony, AC, Oven, Sofa', false, true, false, null),
                                                                                                                  (358, 45, 368.2, 4, 'Desk, Keycard access, Housekeeping, Oven, Wi-Fi, Bed', true, false, false, null),
                                                                                                                  (359, 45, 90.0, 4, 'Balcony, Sofa, Desk, Housekeeping, AC, Kettle', true, true, false, null),
                                                                                                                  (360, 46, 388.8, 4, 'Bed, Sofa, Bathtub, Desk, Housekeeping, Oven', false, true, true, null),
                                                                                                                  (361, 46, 193.2, 3, 'AC, Sofa, Desk, TV, Housekeeping, Oven', true, false, false, null),
                                                                                                                  (362, 46, 296.2, 5, 'TV, Sofa, Housekeeping, Bed, Kettle, Bathtub', true, true, false, null),
                                                                                                                  (363, 46, 266.2, 4, 'AC, Housekeeping, Oven, Balcony, TV, Bed', false, true, true, null),
                                                                                                                  (364, 46, 53.8, 5, 'Kettle, Balcony, Bathtub, Wi-Fi, AC, TV', false, false, true, null),
                                                                                                                  (365, 46, 197.7, 3, 'Bathtub, Oven, Wi-Fi, Balcony, Sofa, Keycard access', true, false, true, null),
                                                                                                                  (366, 46, 214.7, 5, 'Keycard access, Kettle, Balcony, Oven, Bed, Wi-Fi', true, true, false, null),
                                                                                                                  (367, 46, 324.6, 1, 'Housekeeping, Oven, Sofa, Keycard access, Desk, Balcony', false, true, false, 'Unexpected fees were added to my bill.'),
                                                                                                                  (368, 47, 280.9, 3, 'Housekeeping, Bed, Keycard access, Oven, Bathtub, Kettle', false, false, true, null),
                                                                                                                  (369, 47, 357.5, 1, 'AC, Balcony, Wi-Fi, Bathtub, Sofa, Keycard access', false, false, true, null),
                                                                                                                  (370, 47, 279.2, 5, 'TV, Keycard access, Wi-Fi, Bed, Desk, Oven', false, true, false, null),
                                                                                                                  (371, 47, 155.3, 3, 'Desk, Bed, AC, Housekeeping, Oven, TV', false, false, false, null),
                                                                                                                  (372, 47, 235.9, 4, 'Kettle, Keycard access, AC, TV, Sofa, Desk', false, false, true, null),
                                                                                                                  (373, 47, 324.6, 2, 'TV, Keycard access, AC, Desk, Kettle, Wi-Fi', false, true, false, null),
                                                                                                                  (374, 47, 59.8, 1, 'Sofa, AC, Kettle, Keycard access, Balcony, Bed', false, true, true, null),
                                                                                                                  (375, 47, 238.8, 5, 'AC, Bathtub, Housekeeping, Keycard access, Bed, Wi-Fi', false, false, false, null),
                                                                                                                  (376, 48, 51.8, 3, 'Desk, Oven, AC, Balcony, Sofa, Keycard access', false, true, true, null),
                                                                                                                  (377, 48, 255.4, 3, 'Sofa, Housekeeping, TV, Bathtub, Wi-Fi, Balcony', true, false, true, null),
                                                                                                                  (378, 48, 143.4, 3, 'Oven, Housekeeping, Bed, TV, Desk, Sofa', false, false, false, null),
                                                                                                                  (379, 48, 170.0, 2, 'Housekeeping, Balcony, Desk, Oven, AC, TV', false, false, false, null),
                                                                                                                  (380, 48, 305.9, 3, 'Balcony, AC, Desk, Sofa, Housekeeping, Kettle', true, true, false, null),
                                                                                                                  (381, 48, 183.1, 5, 'Balcony, Bathtub, Desk, Kettle, TV, Housekeeping', true, true, true, null),
                                                                                                                  (382, 48, 217.2, 5, 'Bathtub, TV, Wi-Fi, AC, Desk, Bed', true, false, false, null),
                                                                                                                  (383, 48, 173.2, 4, 'Housekeeping, Sofa, Bathtub, Oven, AC, Desk', false, true, true, null),
                                                                                                                  (384, 49, 194.5, 1, 'Housekeeping, Kettle, Keycard access, Balcony, Bathtub, AC', false, false, false, null),
                                                                                                                  (385, 49, 363.9, 5, 'Bathtub, Sofa, AC, TV, Keycard access, Balcony', false, true, false, null),
                                                                                                                  (386, 49, 273.7, 1, 'Kettle, Bed, Keycard access, Bathtub, Balcony, AC', false, true, false, null),
                                                                                                                  (387, 49, 78.7, 1, 'Sofa, Balcony, Desk, Bathtub, Bed, TV', true, true, false, null),
                                                                                                                  (388, 49, 397.5, 5, 'Bed, Wi-Fi, Kettle, Oven, Desk, Balcony', true, true, false, 'The shower had very low water pressure..The bed was uncomfortable and creaky.'),
                                                                                                                  (389, 49, 350.1, 3, 'Housekeeping, Bed, Bathtub, AC, Sofa, Kettle', false, true, true, null),
                                                                                                                  (390, 49, 53.4, 4, 'Desk, Oven, Keycard access, Housekeeping, AC, Sofa', true, false, false, null),
                                                                                                                  (391, 49, 364.8, 2, 'Keycard access, Sofa, Kettle, TV, Wi-Fi, Balcony', false, true, false, null),
                                                                                                                  (392, 50, 126.0, 4, 'Bathtub, AC, Housekeeping, Bed, Kettle, Wi-Fi', true, false, false, null),
                                                                                                                  (393, 50, 315.7, 1, 'TV, Housekeeping, Wi-Fi, Sofa, Oven, AC', false, false, false, null),
                                                                                                                  (394, 50, 373.4, 1, 'Oven, Housekeeping, Sofa, Bed, TV, AC', true, true, true, null),
                                                                                                                  (395, 50, 53.8, 5, 'Desk, Sofa, AC, Keycard access, Bathtub, Kettle', false, false, false, null),
                                                                                                                  (396, 50, 118.3, 1, 'Housekeeping, Sofa, Oven, Bed, AC, Bathtub', true, true, true, null),
                                                                                                                  (397, 50, 303.5, 5, 'Oven, Bed, Bathtub, AC, Sofa, Wi-Fi', false, true, true, 'The shower had very low water pressure..The bed was uncomfortable and creaky.'),
                                                                                                                  (398, 50, 166.8, 5, 'Bed, Sofa, Wi-Fi, Balcony, Kettle, Keycard access', true, true, false, null),
                                                                                                                  (399, 50, 60.5, 1, 'Balcony, TV, AC, Keycard access, Housekeeping, Wi-Fi', false, true, true, null);

>>>>>>> c23b03cee851e4a31fbf205b0a87f362dada3572

--Inset Employees
insert into Employee (EmployeeID, HotelID, Name, Address, Role) values
                                                                    (1, 1, 'Cynde Spincks', '5 Elmside Crossing', null),
                                                                    (2, 1, 'Alene Frobisher', '918 Novick Circle', null),
                                                                    (3, 1, 'Kendre Bryde', '071 Iowa Road', null),
                                                                    (4, 1, 'Alexio Borge', '01947 Heffernan Junction', null),
                                                                    (5, 1, 'Paulie Duncombe', '50838 Glacier Hill Drive', 'manager'),
                                                                    (6, 1, 'Juan Boyfield', '29 Myrtle Drive', null),
                                                                    (7, 1, 'Emmy Hesser', '1865 Birchwood Hill', null),
                                                                    (8, 1, 'Marcella Beebee', '165 Hoard Avenue', null),
                                                                    (9, 2, 'Roarke Demetr', '416 Hagan Avenue', null),
                                                                    (10, 2, 'Jannelle Sivior', '8318 Oneill Plaza', 'manager'),
                                                                    (11, 2, 'Pieter Hamilton', '1468 Di Loreto Street', null),
                                                                    (12, 2, 'Mortimer Pikesley', '6 Ronald Regan Circle', null),
                                                                    (13, 2, 'Brok Jellybrand', '621 Schiller Court', null),
                                                                    (14, 2, 'Luisa Sego', '7 Basil Point', null),
                                                                    (15, 2, 'Natala Playden', '6346 Michigan Lane', null),
                                                                    (16, 2, 'Courtenay Maxfield', '013 Hanover Court', null),
                                                                    (17, 3, 'Tania Lord', '199 Redwing Plaza', 'manager'),
                                                                    (18, 3, 'Grace Lockery', '99518 Katie Trail', null),
                                                                    (19, 3, 'Miles Desvignes', '5227 Sommers Trail', null),
                                                                    (20, 3, 'Tally Golsthorp', '5 Maple Place', null),
                                                                    (21, 3, 'Eldredge Starten', '224 Hauk Center', null),
                                                                    (22, 3, 'Josias Malek', '43 Rowland Trail', null),
                                                                    (23, 3, 'Harvey McEntagart', '05502 Wayridge Hill', null),
                                                                    (24, 3, 'Barron Cullotey', '23071 Portage Park', null),
                                                                    (25, 4, 'Sherlocke Reyson', '83 Coolidge Hill', null),
                                                                    (26, 4, 'Arch Cowin', '24 Continental Parkway', 'manager'),
                                                                    (27, 4, 'Rafe Scrase', '45 Oakridge Plaza', null),
                                                                    (28, 4, 'Tristan Paullin', '5 Summer Ridge Place', null),
                                                                    (29, 4, 'Osbert Guarnier', '5562 Ilene Plaza', null),
                                                                    (30, 4, 'Billie Babst', '011 Red Cloud Place', null),
                                                                    (31, 4, 'Patin Luetkemeyers', '884 Springs Plaza', null),
                                                                    (32, 4, 'Bevvy Klicher', '476 Nancy Court', null),
                                                                    (33, 5, 'Ferdinanda Grishmanov', '178 Summerview Crossing', 'manager'),
                                                                    (34, 5, 'Esme MacAlester', '5 Mockingbird Hill', null),
                                                                    (35, 5, 'Anabel Loosely', '075 American Ash Avenue', null),
                                                                    (36, 5, 'Brinna McGlaughn', '2 Mayer Street', null),
                                                                    (37, 5, 'Aloise Balaisot', '70745 Hermina Circle', null),
                                                                    (38, 5, 'Arden Heindle', '579 Merry Center', null),
                                                                    (39, 5, 'Clareta Schustl', '6 Kings Terrace', null),
                                                                    (40, 5, 'Belicia Burgon', '230 Haas Road', null),
                                                                    (41, 6, 'Alethea Petow', '9754 Birchwood Drive', null),
                                                                    (42, 6, 'Jonathan Round', '3 Eliot Terrace', null),
                                                                    (43, 6, 'Jolynn Poulton', '94592 Brentwood Way', null),
                                                                    (44, 6, 'Fiann Le Grand', '69 Mesta Avenue', null),
                                                                    (45, 6, 'Amory Hillam', '19 Oxford Street', null),
                                                                    (46, 6, 'Debra Eckert', '417 Old Shore Plaza', null),
                                                                    (47, 6, 'Emmey Janacek', '71 Bartelt Center', null),
                                                                    (48, 6, 'Marius McGilvary', '6991 Welch Park', 'manager'),
                                                                    (49, 7, 'Jeniffer Havercroft', '47 Ridgeview Road', 'manager'),
                                                                    (50, 7, 'Helga Carrane', '219 Bayside Center', null),
                                                                    (51, 7, 'Amelie Melanaphy', '70 Riverside Drive', null),
                                                                    (52, 7, 'Sayres Bettanay', '7537 Dayton Court', null),
                                                                    (53, 7, 'Jen Jeans', '772 Valley Edge Pass', null),
                                                                    (54, 7, 'Montgomery Lemmanbie', '3813 Esch Circle', null),
                                                                    (55, 7, 'Avrit Espina', '84434 4th Crossing', null),
                                                                    (56, 7, 'Liz Bohills', '34 Morning Drive', null),
                                                                    (57, 8, 'Celestine Fellgett', '8 Boyd Parkway', null),
                                                                    (58, 8, 'Stephanus Elegood', '79 Buell Park', null),
                                                                    (59, 8, 'Willy Townrow', '52207 Roxbury Road', null),
                                                                    (60, 8, 'Leonelle Witterick', '706 Waxwing Avenue', null),
                                                                    (61, 8, 'Godiva Galia', '69289 Anzinger Hill', 'manager'),
                                                                    (62, 8, 'Joellen Griniov', '5 Westport Terrace', null),
                                                                    (63, 8, 'Alyda Presho', '76 Vernon Lane', null),
                                                                    (64, 8, 'Rosetta Smooth', '0625 Prairie Rose Pass', null),
                                                                    (65, 9, 'Beck Wittman', '3 Calypso Terrace', null),
                                                                    (66, 9, 'Kelsi Sinfield', '4006 Loeprich Avenue', null),
                                                                    (67, 9, 'Glynis Emlen', '5 Calypso Center', 'manager'),
                                                                    (68, 9, 'Judah Graves', '28 Kipling Lane', null),
                                                                    (69, 9, 'Claudine Bollans', '332 Transport Avenue', null),
                                                                    (70, 9, 'Ricoriki Myhan', '449 Westridge Court', null),
                                                                    (71, 9, 'Rebeca Fadell', '2 Grasskamp Crossing', null),
                                                                    (72, 9, 'Lisetta Grumell', '10226 Canary Park', null),
                                                                    (73, 10, 'Brita Healks', '5 Milwaukee Avenue', null),
                                                                    (74, 10, 'Maynord Simonnet', '1068 Schurz Drive', null),
                                                                    (75, 10, 'Kenyon Hounsham', '79 Sunbrook Way', null),
                                                                    (76, 10, 'Loralie Pavinese', '42 Logan Park', null),
                                                                    (77, 10, 'Izabel Ivanenko', '13 Laurel Avenue', null),
                                                                    (78, 10, 'Tatiana Sweetland', '1708 Valley Edge Circle', null),
                                                                    (79, 10, 'Issiah Godilington', '9142 Little Fleur Crossing', null),
                                                                    (80, 10, 'Constanta Scrivens', '55727 Logan Drive', 'manager'),
                                                                    (81, 11, 'Ruth Whiskerd', '0 Sullivan Drive', 'manager'),
                                                                    (82, 11, 'Sylvan Croser', '2 Holy Cross Alley', null),
                                                                    (83, 11, 'Cleopatra Schiell', '088 Loftsgordon Way', null),
                                                                    (84, 11, 'Orville Seaking', '3 Arapahoe Street', null),
                                                                    (85, 11, 'Ker Frail', '815 Oak Drive', null),
                                                                    (86, 11, 'Claudelle Schowenburg', '2231 Talmadge Way', null),
                                                                    (87, 11, 'Daune Showt', '78897 Stephen Hill', null),
                                                                    (88, 11, 'Taddeo Benaine', '81533 Muir Parkway', null),
                                                                    (89, 12, 'Xenos Buckerfield', '0 Manufacturers Alley', 'manager'),
                                                                    (90, 12, 'Rochella Forton', '5 Pond Plaza', null),
                                                                    (91, 12, 'Lulu Campo', '80906 Aberg Trail', null),
                                                                    (92, 12, 'Alyssa McNish', '2 Lien Point', null),
                                                                    (93, 12, 'Danny MacMenemy', '821 Hansons Trail', null),
                                                                    (94, 12, 'Konstantin Pevreal', '1 Crowley Alley', null),
                                                                    (95, 12, 'Natalina Almon', '647 Sommers Crossing', null),
                                                                    (96, 12, 'Concettina Hempel', '1 Scott Place', null),
                                                                    (97, 13, 'Blaire Gorring', '7232 Pepper Wood Place', null),
                                                                    (98, 13, 'Weber Wallsworth', '541 Veith Center', null),
                                                                    (99, 13, 'Lilly Plum', '3 Scoville Plaza', null),
                                                                    (100, 13, 'Rosy Alejandro', '65512 Village Junction', 'manager'),
                                                                    (101, 13, 'Stesha Bruneau', '78 Bayside Park', null),
                                                                    (102, 13, 'Gretchen Conigsby', '68632 Farwell Hill', null),
                                                                    (103, 13, 'Anson Tennant', '4 Barnett Terrace', null),
                                                                    (104, 13, 'Nan Keith', '23225 Meadow Ridge Lane', null),
                                                                    (105, 14, 'Jess Jurgen', '6 Namekagon Crossing', null),
                                                                    (106, 14, 'Dru Nornable', '57920 Michigan Way', null),
                                                                    (107, 14, 'Benton Eul', '04 Fair Oaks Plaza', null),
                                                                    (108, 14, 'Etan Nuton', '14 Autumn Leaf Parkway', 'manager'),
                                                                    (109, 14, 'Rhodie Desaur', '384 Daystar Street', null),
                                                                    (110, 14, 'Violet Adel', '9518 Brentwood Park', null),
                                                                    (111, 14, 'Tandy Caulwell', '2 Canary Street', null),
                                                                    (112, 14, 'Abrahan Trehearne', '6 Utah Place', null),
                                                                    (113, 15, 'Dorise Orkney', '146 Bonner Alley', null),
                                                                    (114, 15, 'Johanna Sleet', '8 Evergreen Drive', null),
                                                                    (115, 15, 'Ulysses Bullivant', '097 Thackeray Crossing', 'manager'),
                                                                    (116, 15, 'Rora Bool', '98 Goodland Park', null),
                                                                    (117, 15, 'Binnie Urch', '07 Norway Maple Junction', null),
                                                                    (118, 15, 'Rurik Cadman', '7 Dovetail Terrace', null),
                                                                    (119, 15, 'Ive McCue', '1382 Sauthoff Hill', null),
                                                                    (120, 15, 'Lorilyn Busfield', '00 Express Way', null),
                                                                    (121, 16, 'Vinnie Catterson', '2 Onsgard Pass', null),
                                                                    (122, 16, 'Marillin Trimmill', '043 Welch Parkway', null),
                                                                    (123, 16, 'Mathew Ransbury', '13 Knutson Road', null),
                                                                    (124, 16, 'Hallie Walshe', '8 Maywood Street', null),
                                                                    (125, 16, 'Pierre Deschelle', '809 Gina Park', null),
                                                                    (126, 16, 'Sheri Karby', '7 Main Park', null),
                                                                    (127, 16, 'Nikos Abbatt', '37420 Roxbury Point', 'manager'),
                                                                    (128, 16, 'Priscella Lurriman', '21 Barby Center', null),
                                                                    (129, 17, 'Ophelia Chsteney', '204 1st Way', null),
                                                                    (130, 17, 'Lionello Colgrave', '58877 Leroy Street', null),
                                                                    (131, 17, 'Laurella Borer', '888 Vermont Way', 'manager'),
                                                                    (132, 17, 'Herbie Cawley', '98 Scott Pass', null),
                                                                    (133, 17, 'Manon Cubitt', '79313 Fairview Drive', null),
                                                                    (134, 17, 'Giusto Thrasher', '8 Gerald Street', null),
                                                                    (135, 17, 'Karyl Stiffell', '8809 Dayton Crossing', null),
                                                                    (136, 17, 'Gustavo Neachell', '251 Heffernan Hill', null),
                                                                    (137, 18, 'Warden Milward', '3159 Maple Center', null),
                                                                    (138, 18, 'Luciana Jerosch', '67802 Comanche Court', null),
                                                                    (139, 18, 'Nesta Simoneton', '2870 Anniversary Lane', null),
                                                                    (140, 18, 'Maribel Gymblett', '1711 Butterfield Way', null),
                                                                    (141, 18, 'Janot Dellow', '00480 Ridgeview Park', null),
                                                                    (142, 18, 'Fritz Woonton', '526 Prairieview Avenue', 'manager'),
                                                                    (143, 18, 'Zaccaria Dagnan', '22 Ridgeview Junction', null),
                                                                    (144, 18, 'Allis Webling', '0 Stone Corner Crossing', null),
                                                                    (145, 19, 'Kelsi Mirrlees', '8270 Express Court', null),
                                                                    (146, 19, 'Phyllis Tollfree', '76251 Dottie Road', null),
                                                                    (147, 19, 'Goraud Libby', '4 Harper Pass', null),
                                                                    (148, 19, 'Roxane Vicary', '4 Johnson Road', null),
                                                                    (149, 19, 'Abagael Allard', '4 Golden Leaf Lane', 'manager'),
                                                                    (150, 19, 'Cleopatra Jossel', '4 Monica Drive', null),
                                                                    (151, 19, 'Mitch St. Quintin', '53729 Anthes Junction', null),
                                                                    (152, 19, 'Fina Kadd', '9244 Mendota Park', null),
                                                                    (153, 20, 'Abie Carnell', '084 Arrowood Pass', null),
                                                                    (154, 20, 'Moselle Stocky', '073 Coolidge Point', null),
                                                                    (155, 20, 'Sarah Storer', '701 Morrow Terrace', 'manager'),
                                                                    (156, 20, 'Fifi Jolliman', '39494 Maple Wood Hill', null),
                                                                    (157, 20, 'Carlye Stanners', '447 Mallory Parkway', null),
                                                                    (158, 20, 'Marietta Arunowicz', '39810 Saint Paul Point', null),
                                                                    (159, 20, 'Mattias Matthiae', '37 Portage Way', null),
                                                                    (160, 20, 'Erich Revelle', '47421 Morning Lane', null),
                                                                    (161, 21, 'Freddi Gullan', '9188 La Follette Place', null),
                                                                    (162, 21, 'Fee Cowperthwaite', '8940 Claremont Circle', null),
                                                                    (163, 21, 'Vyky Venning', '878 Sycamore Road', 'manager'),
                                                                    (164, 21, 'Ellwood Barritt', '4274 Macpherson Crossing', null),
                                                                    (165, 21, 'Daphna Rispin', '53 Bluestem Junction', null),
                                                                    (166, 21, 'Nelly Jarritt', '6 Anniversary Road', null),
                                                                    (167, 21, 'Alphonso Kochl', '615 Hanson Center', null),
                                                                    (168, 21, 'Clarice Shimuk', '0139 Columbus Park', null),
                                                                    (169, 22, 'Iosep Ingyon', '09177 Harper Court', null),
                                                                    (170, 22, 'Lu MacInherney', '525 Mendota Center', 'manager'),
                                                                    (171, 22, 'Gillan Celiz', '897 Harper Court', null),
                                                                    (172, 22, 'Herbert Wiskar', '83 Stang Park', null),
                                                                    (173, 22, 'Stewart Killik', '05639 Westerfield Center', null),
                                                                    (174, 22, 'Flora Pulman', '19 Towne Court', null),
                                                                    (175, 22, 'Leese Collard', '4805 Tony Circle', null),
                                                                    (176, 22, 'Paulo Melton', '4 Esker Crossing', null),
                                                                    (177, 23, 'Reed Godsmark', '2691 Kipling Plaza', null),
                                                                    (178, 23, 'Terrel Relton', '5044 Golf Course Terrace', null),
                                                                    (179, 23, 'Skippie Thouless', '562 Barnett Terrace', 'manager'),
                                                                    (180, 23, 'Iorgo De Caville', '8 Waxwing Trail', null),
                                                                    (181, 23, 'Dew Godly', '101 Hollow Ridge Terrace', null),
                                                                    (182, 23, 'Elianora Castelijn', '1 Hooker Pass', null),
                                                                    (183, 23, 'Candide Scarffe', '1 Ridgeview Trail', null),
                                                                    (184, 23, 'Constancy Dongles', '654 Morningstar Court', null),
                                                                    (185, 24, 'Chris Moisey', '01 Fieldstone Way', 'manager'),
                                                                    (186, 24, 'Garnet Freestone', '905 Melrose Alley', null),
                                                                    (187, 24, 'Merline McCroary', '8 Glacier Hill Plaza', null),
                                                                    (188, 24, 'Gabbie Bernakiewicz', '1681 Kings Plaza', null),
                                                                    (189, 24, 'Merna Djakovic', '9462 Butterfield Way', null),
                                                                    (190, 24, 'Nadean Shotboulte', '5 Continental Point', null),
                                                                    (191, 24, 'Hakim Gurwood', '9999 Loomis Trail', null),
                                                                    (192, 24, 'Neilla Trowsdall', '88341 Everett Road', null),
                                                                    (193, 25, 'Marti Johncey', '77178 Scoville Terrace', null),
                                                                    (194, 25, 'Gauthier Buttery', '3 Prairieview Pass', null),
                                                                    (195, 25, 'Ailina Ramshaw', '419 Claremont Alley', null),
                                                                    (196, 25, 'Adelle Vizor', '8 Crescent Oaks Hill', 'manager'),
                                                                    (197, 25, 'Marcellus Iskov', '5 Brown Alley', null),
                                                                    (198, 25, 'Margaretha McKimm', '970 Randy Crossing', null),
                                                                    (199, 25, 'Brittney Swaden', '85146 Monica Terrace', null),
                                                                    (200, 25, 'Birk Prisley', '82 Bashford Pass', null),
                                                                    (201, 26, 'Lindsay Fife', '79279 Oak Valley Junction', null),
                                                                    (202, 26, 'Yankee Greiser', '80454 Dixon Center', null),
                                                                    (203, 26, 'Leelah Burrel', '098 Burrows Way', 'manager'),
                                                                    (204, 26, 'Dud Jennery', '20217 Lukken Trail', null),
                                                                    (205, 26, 'Opal Bolwell', '4420 Delladonna Alley', null),
                                                                    (206, 26, 'Billie Merle', '1 Northland Drive', null),
                                                                    (207, 26, 'Guenna Sollett', '28 Arrowood Hill', null),
                                                                    (208, 26, 'Salaidh Fox', '9 Ludington Terrace', null),
                                                                    (209, 27, 'Bonnie Whitebread', '8 American Ash Point', null),
                                                                    (210, 27, 'Garrard Ambrosi', '224 Grim Lane', null),
                                                                    (211, 27, 'Petronella Melendez', '56 Gateway Park', null),
                                                                    (212, 27, 'Hartley Jeanesson', '28368 Mayer Drive', null),
                                                                    (213, 27, 'Doloritas Parlet', '161 Nevada Point', 'manager'),
                                                                    (214, 27, 'Cale Lathan', '898 Corscot Place', null),
                                                                    (215, 27, 'Umeko Menego', '90164 Golf View Hill', null),
                                                                    (216, 27, 'Lorie Faltin', '53978 Nelson Alley', 'manager'),
                                                                    (217, 28, 'Birgit Favel', '5471 Browning Park', null),
                                                                    (218, 28, 'Vonnie Clarabut', '63874 Doe Crossing Road', null),
                                                                    (219, 28, 'Nowell Murrow', '340 Luster Junction', null),
                                                                    (220, 28, 'Mureil MacCaughey', '7113 School Avenue', null),
                                                                    (221, 28, 'Tyler Lescop', '865 Fisk Street', null),
                                                                    (222, 28, 'Odette Sinkins', '273 Roth Drive', 'manager'),
                                                                    (223, 28, 'Ellis Niese', '55 Paget Hill', null),
                                                                    (224, 28, 'Ashla Rate', '54 Tony Junction', null),
                                                                    (225, 29, 'Alecia Dwyr', '2 Stoughton Avenue', null),
                                                                    (226, 29, 'Briny Messenger', '092 Jackson Park', null),
                                                                    (227, 29, 'Alfy Pomeroy', '0 Coleman Parkway', null),
                                                                    (228, 29, 'Mace Coffee', '792 Rockefeller Street', 'manager'),
                                                                    (229, 29, 'Case Cartmel', '6 Paget Road', null),
                                                                    (230, 29, 'Jessi Muscat', '183 Hagan Trail', null),
                                                                    (231, 29, 'Marji Sutterfield', '16 Steensland Plaza', null),
                                                                    (232, 29, 'Moreen Ever', '0098 Sunnyside Drive', null),
                                                                    (233, 30, 'Maxi Mityashev', '9037 Delladonna Park', null),
                                                                    (234, 30, 'Wrennie Lightbourn', '0 Hoard Center', null),
                                                                    (235, 30, 'Matthias Blaszczyk', '492 Lakewood Way', 'manager'),
                                                                    (236, 30, 'Tonnie Lingwood', '17612 Mariners Cove Drive', null),
                                                                    (237, 30, 'Helyn Werrilow', '17 Garrison Trail', null),
                                                                    (238, 30, 'Reinhard Zannuto', '4 Swallow Avenue', null),
                                                                    (239, 30, 'Berne Georgievski', '7 Johnson Place', null),
                                                                    (240, 30, 'Roxanna Fearby', '7 Reinke Terrace', null),
                                                                    (241, 31, 'Bunny Scrancher', '16370 Reinke Avenue', null),
                                                                    (242, 31, 'Wilhelmina Stern', '5008 Loomis Pass', null),
                                                                    (243, 31, 'Sharyl Hutcheson', '81 Killdeer Crossing', null),
                                                                    (244, 31, 'Garvy Shutle', '01117 Crest Line Street', null),
                                                                    (245, 31, 'Ramona Slite', '18 Toban Lane', 'manager'),
                                                                    (246, 31, 'Albina Petrichat', '1 Cody Junction', null),
                                                                    (247, 31, 'Tallie Autin', '86 Farragut Parkway', null),
                                                                    (248, 31, 'Vyky Muckart', '990 Chinook Avenue', null),
                                                                    (249, 32, 'Vyky Ruby', '0306 Roth Crossing', null),
                                                                    (250, 32, 'Crin Ingyon', '84249 Ohio Terrace', null),
                                                                    (251, 32, 'Basil Dagg', '4 Eagle Crest Road', null),
                                                                    (252, 32, 'Ernesto Geekin', '2 Anthes Street', 'manager'),
                                                                    (253, 32, 'Adrianna Hincks', '6289 Shelley Drive', null),
                                                                    (254, 32, 'Regina Snoden', '49627 Springview Court', null),
                                                                    (255, 32, 'Richardo Gornall', '597 Fisk Court', null),
                                                                    (256, 32, 'Roselia Branwhite', '5 Tomscot Road', null),
                                                                    (257, 33, 'Clemmy Grisbrook', '11307 Novick Park', null),
                                                                    (258, 33, 'Randie Melsom', '6950 Schmedeman Circle', null),
                                                                    (259, 33, 'Bendix Claus', '25 Corben Center', null),
                                                                    (260, 33, 'Tasha Dawtre', '0 Elgar Park', null),
                                                                    (261, 33, 'Gannie Clendennen', '52 Loftsgordon Court', 'manager'),
                                                                    (262, 33, 'Jessie Ind', '631 Chinook Center', null),
                                                                    (263, 33, 'Jason McGovern', '6946 Esch Avenue', null),
                                                                    (264, 33, 'Mortimer Cannell', '1 Main Pass', null),
                                                                    (265, 34, 'Neron Shippam', '1761 Darwin Place', null),
                                                                    (266, 34, 'Cary McKay', '1583 Kipling Drive', 'manager'),
                                                                    (267, 34, 'Waylen Wainscot', '11 Ridge Oak Street', null),
                                                                    (268, 34, 'Sindee Smogur', '3 Buell Parkway', null),
                                                                    (269, 34, 'Evy Dradey', '39869 Vernon Alley', null),
                                                                    (270, 34, 'Alwyn Carville', '192 Namekagon Pass', null),
                                                                    (271, 34, 'Phil Halsho', '8 Maple Wood Avenue', null),
                                                                    (272, 34, 'Harmonie Mattisssen', '01718 Dakota Way', null),
                                                                    (273, 35, 'Marta Coney', '39240 Parkside Alley', null),
                                                                    (274, 35, 'Brit Birkby', '488 Carioca Court', 'manager'),
                                                                    (275, 35, 'Rebeca Tomaskunas', '170 Arkansas Park', null),
                                                                    (276, 35, 'Abbi Morison', '23563 Marquette Place', null),
                                                                    (277, 35, 'Connie Noller', '76932 Mcguire Crossing', null),
                                                                    (278, 35, 'Billy de Wilde', '078 Oneill Place', null),
                                                                    (279, 35, 'Jacynth Yeiles', '435 Harbort Park', null),
                                                                    (280, 35, 'Phil Fairham', '99294 Golf Course Trail', null),
                                                                    (281, 36, 'Henriette Beaney', '42 Jay Point', 'manager'),
                                                                    (282, 36, 'Cindelyn Druery', '30 5th Pass', null),
                                                                    (283, 36, 'Lukas Fidler', '7 Rigney Point', null),
                                                                    (284, 36, 'Geri Stait', '33776 Lighthouse Bay Court', null),
                                                                    (285, 36, 'Casie Giddy', '125 Sommers Pass', null),
                                                                    (286, 36, 'Ammamaria Yoxen', '642 Lakewood Gardens Point', null),
                                                                    (287, 36, 'Chancey Dowdall', '0738 Ridgeview Way', null),
                                                                    (288, 36, 'Nevile Landrean', '761 Norway Maple Crossing', null),
                                                                    (289, 37, 'Cornelius Macci', '3989 Village Green Park', null),
                                                                    (290, 37, 'Frederigo Bloodworth', '439 Fair Oaks Lane', null),
                                                                    (291, 37, 'Timmy Giraudo', '51656 Walton Parkway', null),
                                                                    (292, 37, 'Vera Kohrding', '7 Meadow Vale Center', null),
                                                                    (293, 37, 'Kristofor Baptist', '066 Hoepker Avenue', 'manager'),
                                                                    (294, 37, 'Olympie Bensen', '5974 5th Parkway', null),
                                                                    (295, 37, 'Godwin Clunan', '5408 Bellgrove Place', null),
                                                                    (296, 37, 'Elihu Heaphy', '38174 Rigney Hill', null),
                                                                    (297, 38, 'Georgine Harston', '545 Arizona Park', null),
                                                                    (298, 38, 'Rosemonde Gollard', '9 Sage Pass', 'manager'),
                                                                    (299, 38, 'Esteban Brockman', '49 Continental Center', null),
                                                                    (300, 38, 'Martin Reder', '52 Caliangt Terrace', null),
                                                                    (301, 38, 'Odo Pyrke', '702 Sage Place', null),
                                                                    (302, 38, 'Nelson Umney', '2198 Division Parkway', null),
                                                                    (303, 38, 'Cherilyn Danat', '998 Mallory Terrace', null),
                                                                    (304, 38, 'Aldin Ferronet', '57006 Quincy Drive', null),
                                                                    (305, 39, 'Sabra Pauleit', '4 New Castle Place', null),
                                                                    (306, 39, 'Rennie Durkin', '302 Emmet Point', null),
                                                                    (307, 39, 'Sherline Arnould', '5234 Atwood Terrace', null),
                                                                    (308, 39, 'Siobhan Rebillard', '82635 Schurz Circle', 'manager'),
                                                                    (309, 39, 'Sabra Tarry', '55177 Coolidge Crossing', null),
                                                                    (310, 39, 'Lemuel Gallardo', '308 Sachs Road', null),
                                                                    (311, 39, 'Modesta Manuaud', '865 Farmco Court', null),
                                                                    (312, 39, 'Mozelle Bumby', '696 Mockingbird Court', null),
                                                                    (313, 40, 'Marsiella Rubinov', '0 Village Trail', null),
                                                                    (314, 40, 'Dolly Bazoge', '0 Service Center', 'manager'),
                                                                    (315, 40, 'Clarie Mott', '9451 Burning Wood Street', null),
                                                                    (316, 40, 'Corene Penquet', '17664 Browning Trail', null),
                                                                    (317, 40, 'Hendrick Isaksen', '9323 Rigney Drive', null),
                                                                    (318, 40, 'Leshia Threadgold', '55117 Meadow Valley Plaza', null),
                                                                    (319, 40, 'Stearn Jacmard', '17 Hoepker Point', null),
                                                                    (320, 40, 'Reeta Caccavale', '9861 Briar Crest Parkway', null),
                                                                    (321, 41, 'Marijn Scogings', '37 Thompson Junction', null),
                                                                    (322, 41, 'Luis Bellingham', '29857 Ridge Oak Street', 'manager'),
                                                                    (323, 41, 'Idalia Peatt', '00 Sherman Road', null),
                                                                    (324, 41, 'Orly Pirouet', '93 Graceland Avenue', null),
                                                                    (325, 41, 'Anatollo Burchett', '591 Scott Circle', null),
                                                                    (326, 41, 'Sher Genner', '67674 Clyde Gallagher Terrace', null),
                                                                    (327, 41, 'Howard Thomesson', '66315 Morning Crossing', null),
                                                                    (328, 41, 'Francene Bowker', '75 Carberry Junction', null),
                                                                    (329, 42, 'Marguerite Durrance', '461 Marcy Court', null),
                                                                    (330, 42, 'Hildegarde Carson', '57018 Birchwood Street', 'manager'),
                                                                    (331, 42, 'Giuseppe Dumphreys', '2037 Jenifer Point', null),
                                                                    (332, 42, 'Nilson Finnick', '9062 Vidon Terrace', null),
                                                                    (333, 42, 'Dynah McRonald', '60747 Ohio Terrace', null),
                                                                    (334, 42, 'Harry Gately', '6926 Tennyson Way', null),
                                                                    (335, 42, 'Henrik Fadell', '086 Bowman Pass', null),
                                                                    (336, 42, 'Darbee Hardern', '501 Pond Trail', null),
                                                                    (337, 43, 'Townsend Kiledal', '371 Toban Junction', 'manager'),
                                                                    (338, 43, 'Kally McNerlin', '5160 Springview Circle', null),
                                                                    (339, 43, 'Anna Sissens', '606 Bayside Hill', null),
                                                                    (340, 43, 'Emmy Stump', '2294 Bultman Parkway', null),
                                                                    (341, 43, 'Jean Jery', '47 Clove Lane', null),
                                                                    (342, 43, 'Deane Bouts', '8104 Sachs Street', null),
                                                                    (343, 43, 'Orlan Semens', '1 Mendota Circle', null),
                                                                    (344, 43, 'Lory Hobson', '775 Acker Court', null),
                                                                    (345, 44, 'Kendall Binestead', '70 Ridge Oak Circle', null),
                                                                    (346, 44, 'Edlin Hearty', '5 Village Drive', null),
                                                                    (347, 44, 'Adlai Tweedell', '9 Pierstorff Terrace', null),
                                                                    (348, 44, 'Alayne Flindall', '876 Grayhawk Road', null),
                                                                    (349, 44, 'Nichole MacGaughy', '4 Manufacturers Road', null),
                                                                    (350, 44, 'Jen Gofton', '66641 Grover Avenue', null),
                                                                    (351, 44, 'Ronni Evers', '859 Blackbird Parkway', 'manager'),
                                                                    (352, 44, 'Eldredge Impson', '0108 Moose Street', null),
                                                                    (353, 45, 'Zonda Reddihough', '8714 Lillian Point', null),
                                                                    (354, 45, 'Juanita Knell', '610 Sycamore Avenue', null),
                                                                    (355, 45, 'Aristotle Theobold', '09091 Bay Court', null),
                                                                    (356, 45, 'Launce Ingreda', '2862 Redwing Place', 'manager'),
                                                                    (357, 45, 'Hobart McEttigen', '2 Lunder Crossing', null),
                                                                    (358, 45, 'Clemence Allward', '13800 Esker Place', null),
                                                                    (359, 45, 'Nobie Scawen', '08012 Heffernan Street', null),
                                                                    (360, 45, 'Berget Ewings', '34 Pine View Circle', null),
                                                                    (361, 46, 'Alvin Lanchberry', '0 Jana Road', null),
                                                                    (362, 46, 'Luca Braime', '320 Lawn Street', null),
                                                                    (363, 46, 'Britni Daborn', '6 Weeping Birch Hill', null),
                                                                    (364, 46, 'Lorianna Thomassen', '431 Washington Way', 'manager'),
                                                                    (365, 46, 'Trumaine Tockell', '616 High Crossing Circle', null),
                                                                    (366, 46, 'Andris Beeching', '0729 Farwell Road', null),
                                                                    (367, 46, 'Evangelin Drinkall', '0 Debs Hill', null),
                                                                    (368, 46, 'Shanon Dun', '61285 Scoville Court', null),
                                                                    (369, 47, 'Leyla Tineman', '3 Shelley Park', null),
                                                                    (370, 47, 'Quint Pettegree', '6460 Express Parkway', null),
                                                                    (371, 47, 'Alphard Wealthall', '98 Texas Point', null),
                                                                    (372, 47, 'Shellie Aldis', '6 Northwestern Avenue', 'manager'),
                                                                    (373, 47, 'Linn Merlin', '85 Sherman Alley', null),
                                                                    (374, 47, 'Harriott Bloom', '18 Blue Bill Park Center', null),
                                                                    (375, 47, 'Flynn Chill', '0 Acker Pass', null),
                                                                    (376, 47, 'Tillie Andriessen', '358 Blaine Point', null),
                                                                    (377, 48, 'Harlie Sissland', '697 Roth Point', null),
                                                                    (378, 48, 'Witty Lillico', '53 Iowa Plaza', null),
                                                                    (379, 48, 'Chryste Hallick', '958 Manitowish Park', null),
                                                                    (380, 48, 'Solly Cantopher', '7 Milwaukee Avenue', null),
                                                                    (381, 48, 'Averell Gossart', '06661 Autumn Leaf Center', null),
                                                                    (382, 48, 'Earle Cornock', '931 Bashford Alley', null),
                                                                    (383, 48, 'Tallie Merrall', '076 Roth Point', null),
                                                                    (384, 48, 'Nick Soff', '908 Pawling Trail', 'manager'),
                                                                    (385, 49, 'Faber Di Gregorio', '54 Grim Alley', null),
                                                                    (386, 49, 'Miller Stickney', '8 Summer Ridge Alley', null),
                                                                    (387, 49, 'Pattie Chatin', '74 Bobwhite Drive', null),
                                                                    (388, 49, 'Patricia Gallelli', '95437 Cherokee Pass', null),
                                                                    (389, 49, 'Mischa Erbe', '81558 Texas Plaza', null),
                                                                    (390, 49, 'Rikki Kobus', '6227 Lighthouse Bay Center', 'manager'),
                                                                    (391, 49, 'Inga Wyllcock', '992 Forest Run Place', null),
                                                                    (392, 49, 'Winonah Eggleton', '6 Meadow Valley Point', null),
                                                                    (393, 50, 'Dwain Wilsey', '13885 Macpherson Terrace', null),
                                                                    (394, 50, 'Bebe Eddolls', '438 South Terrace', null),
                                                                    (395, 50, 'Chrisy Housiaux', '5375 Service Lane', null),
                                                                    (396, 50, 'Ozzy Alenin', '48 Grasskamp Drive', null),
                                                                    (397, 50, 'Richart Readwing', '255 Stang Avenue', null),
                                                                    (398, 50, 'Derrek Spinas', '12 Nobel Pass', null),
                                                                    (399, 50, 'Corabelle Learned', '232 Cordelia Drive', null),
                                                                    (400, 50, 'Elysha Driuzzi', '00 Golf Course Circle', 'manager');

INSERT INTO Customer(CustomerID, Name, Address, RegisterDate) VALUES
                                                                  (1, 'Betti Gaythorpe', '55353 Ramsey Junction', '2025-03-16'),
                                                                  (2, 'Carissa Ramelet', '43 Lillian Avenue', '2024-06-10'),
                                                                  (3, 'Horace Lief', '14362 Waxwing Junction', '2024-09-07'),
                                                                  (4, 'Vitoria Golborne', '218 Hanson Alley', '2024-04-22'),
                                                                  (5, 'Dane Marlen', '8035 Doe Crossing Way', '2024-06-28'),
                                                                  (6, 'Jaimie Warhurst', '88 Gerald Center', '2024-04-18'),
                                                                  (7, 'Ivan Roberts', '5 Kennedy Street', '2024-05-22'),
                                                                  (8, 'Tina Glavias', '7 Melody Center', '2024-11-04'),
                                                                  (9, 'Zachery Bawdon', '741 Vera Junction', '2024-05-14'),
                                                                  (10, 'Chrisse Emms', '62414 Roth Hill', '2024-10-07'),
                                                                  (11, 'Boot Palk', '43 Scott Way', '2025-03-11'),
                                                                  (12, 'Lisetta Jendrassik', '3 Valley Edge Junction', '2024-07-23'),
                                                                  (13, 'Kathye Wasson', '6567 Becker Road', '2024-10-26'),
                                                                  (14, 'Viola Kiddy', '4 Corry Place', '2024-03-30'),
                                                                  (15, 'Norman Haken', '39892 Bunting Road', '2025-03-06'),
                                                                  (16, 'Colette Wenderott', '66461 Lunder Junction', '2024-07-22'),
                                                                  (17, 'Balduin Emmett', '2 Tomscot Drive', '2024-06-01'),
                                                                  (18, 'Melessa Fattore', '33370 Fieldstone Court', '2024-11-30'),
                                                                  (19, 'Edward Juster', '9 Dryden Crossing', '2024-07-10'),
                                                                  (20, 'Vernor Whyteman', '03 Valley Edge Drive', '2024-04-10'),
                                                                  (21, 'Marty Abreheart', '49112 Mandrake Park', '2024-06-13'),
                                                                  (22, 'Melosa Daelman', '696 Lerdahl Drive', '2024-05-06'),
                                                                  (23, 'Cassy Brokenbrow', '44 Grasskamp Terrace', '2024-11-03'),
                                                                  (24, 'Ulrikaumeko Firebrace', '1 Spenser Avenue', '2024-10-10'),
                                                                  (25, 'Jenni Moreby', '5 Coleman Crossing', '2024-12-19'),
                                                                  (26, 'Odelia Wanka', '1 Vidon Pass', '2024-08-27'),
                                                                  (27, 'Jon Kirsch', '4 Jana Plaza', '2024-05-20'),
                                                                  (28, 'Sibby Widmore', '4272 Burrows Trail', '2024-12-12'),
                                                                  (29, 'Kristyn Pawelke', '1587 Sachs Alley', '2024-07-22'),
                                                                  (30, 'Andriana McClaren', '934 Susan Court', '2024-05-18'),
                                                                  (31, 'Gerrard Souza', '718 Toban Hill', '2024-07-15'),
                                                                  (32, 'Sheila Gollard', '8681 Waxwing Hill', '2024-05-17'),
                                                                  (33, 'Ephrayim Neville', '06 Bunting Lane', '2025-01-17'),
                                                                  (34, 'Karlee Godwyn', '275 Anniversary Terrace', '2024-12-08'),
                                                                  (35, 'Donna Witherdon', '0015 Dakota Drive', '2024-06-14'),
                                                                  (36, 'Valli Lethlay', '21442 Nelson Plaza', '2024-07-05'),
                                                                  (37, 'Fletcher Urvoy', '7 Del Sol Park', '2025-01-09'),
                                                                  (38, 'Nanni Greatbank', '8673 Heath Crossing', '2024-07-05'),
                                                                  (39, 'Maritsa Wodeland', '57526 Basil Parkway', '2024-10-14'),
                                                                  (40, 'Selby McOrkill', '6753 Claremont Point', '2024-11-01'),
                                                                  (41, 'Erma Skeleton', '136 Stone Corner Terrace', '2025-02-15'),
                                                                  (42, 'Suellen Peddar', '11940 Montana Terrace', '2025-01-12'),
                                                                  (43, 'Cesya Moorcraft', '87 Everett Hill', '2025-03-06'),
                                                                  (44, 'Elvyn Duggen', '769 Rowland Pass', '2024-06-04'),
                                                                  (45, 'Margarete Skipperbottom', '6 Sycamore Hill', '2025-01-16'),
                                                                  (46, 'Karolina Waldock', '08 Meadow Valley Terrace', '2024-07-09'),
                                                                  (47, 'Orion Coldbreath', '91174 Harbort Center', '2024-08-23'),
                                                                  (48, 'Reggie Beszant', '27 Corben Terrace', '2024-04-17'),
                                                                  (49, 'Bendite Woods', '37055 Merry Park', '2024-04-20'),
                                                                  (50, 'Davidson Tovey', '55241 Oxford Way', '2024-10-03');

INSERT INTO Booking(BookingID, CustomerID, RoomID, StartDate, EndDate,  Status ,BookDate) VALUES
                                                                                              (1, 1, 3, '2024-12-04', '2024-12-05', 'booked', '2025-03-16'),
                                                                                              (2, 2, 31, '2024-09-01', '2025-01-30', 'cancelled', '2024-06-10'),
                                                                                              (3, 3, 8, '2024-11-06', '2024-11-28', 'transformed', '2024-09-07'),
                                                                                              (4, 4, 12, '2024-12-10', '2024-12-11', 'cancelled', '2024-04-22'),
                                                                                              (5, 5, 9, '2024-07-13', '2025-03-26', 'transformed', '2024-06-28'),
                                                                                              (6, 6, 11, '2024-10-31', '2024-11-01', 'booked', '2024-04-18'),
                                                                                              (7, 7, 17, '2024-04-16', '2025-02-12', 'booked', '2024-05-22'),
                                                                                              (8, 8, 15, '2024-11-30', '2024-12-01', 'transformed', '2024-11-04'),
                                                                                              (9, 9, 5, '2025-01-23', '2025-01-24', 'cancelled', '2024-05-14'),
                                                                                              (10, 10, 11, '2024-09-15', '2025-02-17', 'booked', '2024-10-07'),
                                                                                              (11, 11, 23, '2025-03-10', '2025-03-11', 'cancelled', '2025-03-11'),
                                                                                              (12, 12, 24, '2024-05-11', '2025-02-23', 'booked', '2024-07-23'),
                                                                                              (13, 13, 1, '2025-02-16', '2025-03-08', 'transformed', '2024-10-26'),
                                                                                              (14, 14, 3, '2025-03-27', '2025-03-28', 'transformed', '2024-03-30'),
                                                                                              (15, 15, 13, '2024-07-28', '2025-01-07', 'transformed', '2025-03-06'),
                                                                                              (16, 16, 40, '2024-11-19', '2025-03-08', 'booked', '2024-07-22'),
                                                                                              (17, 17, 2, '2024-12-08', '2024-12-09', 'transformed', '2024-06-01'),
                                                                                              (18, 18, 25, '2024-05-24', '2025-03-23', 'cancelled', '2024-11-30'),
                                                                                              (19, 19, 6, '2024-06-10', '2024-06-11', 'cancelled', '2024-07-10'),
                                                                                              (20, 20, 6, '2024-11-01', '2024-11-18', 'booked', '2024-04-10'),
                                                                                              (21, 21, 15, '2024-06-13', '2024-10-02', 'booked', '2024-06-13'),
                                                                                              (22, 22, 27, '2024-06-27', '2024-12-19', 'cancelled', '2024-05-06'),
                                                                                              (23, 23, 7, '2024-07-27', '2025-01-05', 'transformed', '2024-11-03'),
                                                                                              (24, 24, 9, '2024-11-03', '2024-11-04', 'transformed', '2024-10-10'),
                                                                                              (25, 25, 22, '2024-07-15', '2024-07-16', 'cancelled', '2024-12-19'),
                                                                                              (26, 26, 34, '2025-02-11', '2025-02-12', 'cancelled', '2024-08-27'),
                                                                                              (27, 27, 11, '2024-07-28', '2024-07-29', 'transformed', '2024-05-20'),
                                                                                              (28, 28, 6, '2025-01-16', '2025-01-17', 'booked', '2024-12-12'),
                                                                                              (29, 29, 24, '2024-04-29', '2024-07-05', 'booked', '2024-07-22'),
                                                                                              (30, 30, 27, '2024-06-06', '2024-10-19', 'cancelled', '2024-05-18'),
                                                                                              (31, 31, 14, '2024-06-30', '2024-11-07', 'transformed', '2024-07-15'),
                                                                                              (32, 32, 9, '2024-05-12', '2024-12-26', 'booked', '2024-05-17'),
                                                                                              (33, 33, 2, '2025-03-05', '2025-03-06', 'booked', '2025-01-17'),
                                                                                              (34, 34, 11, '2024-11-30', '2025-01-14', 'transformed', '2024-12-08'),
                                                                                              (35, 35, 18, '2024-04-20', '2024-10-22', 'cancelled', '2024-06-14'),
                                                                                              (36, 36, 14, '2024-10-02', '2025-01-07', 'transformed', '2024-07-05'),
                                                                                              (37, 37, 25, '2024-05-29', '2024-07-21', 'cancelled', '2025-01-09'),
                                                                                              (38, 38, 31, '2024-08-07', '2024-08-08', 'booked', '2024-07-05'),
                                                                                              (39, 39, 25, '2024-12-23', '2025-01-09', 'transformed', '2024-10-14'),
                                                                                              (40, 40, 26, '2025-02-14', '2025-02-15', 'transformed', '2024-11-01'),
                                                                                              (41, 41, 5, '2024-08-25', '2024-12-13', 'transformed', '2025-02-15'),
                                                                                              (42, 42, 3, '2024-07-13', '2024-11-05', 'transformed', '2025-01-12'),
                                                                                              (43, 43, 11, '2024-07-30', '2025-01-15', 'cancelled', '2025-03-06'),
                                                                                              (44, 44, 2, '2025-01-02', '2025-01-03', 'cancelled', '2024-06-04'),
                                                                                              (45, 45, 35, '2025-03-07', '2025-03-08', 'booked', '2025-01-16'),
                                                                                              (46, 46, 9, '2024-11-12', '2024-11-13', 'transformed', '2024-07-09'),
                                                                                              (47, 47, 10, '2024-09-30', '2025-02-07', 'cancelled', '2024-08-23'),
                                                                                              (48, 48, 16, '2024-09-20', '2025-01-06', 'booked', '2024-04-17'),
                                                                                              (49, 49, 30, '2025-01-11', '2025-01-12', 'transformed', '2024-04-20'),
                                                                                              (50, 50, 35, '2024-05-05', '2025-01-30', 'booked', '2024-10-03');

INSERT INTO Renting(RentID, CustomerID, RoomID, StartDate, EndDate, Payment) VALUES
                                                                                 (1, 3, 8, '2024-11-06', '2024-11-28', 137.3),
                                                                                 (2, 5, 9, '2024-07-13', '2025-03-26', 398.6),
                                                                                 (3, 8, 15, '2024-11-30', '2024-12-01', 234.4),
                                                                                 (4, 13, 1, '2025-02-16', '2025-03-08', 384.9),
                                                                                 (5, 14, 3, '2025-03-27', '2025-03-28', 276.0),
                                                                                 (6, 15, 13, '2024-07-28', '2025-01-07', 100.4)   ,
                                                                                 (7, 17, 2, '2024-12-08', '2024-12-09', 384.4),
                                                                                 (8, 23, 7, '2024-07-27', '2025-01-05', 73.8) ,
                                                                                 (9, 24, 9, '2024-11-03', '2024-11-04', 398.6) ,
                                                                                 (10, 27, 11, '2024-07-28', '2024-07-29', 205.0),
                                                                                 (11, 31, 14, '2024-06-30', '2024-11-07', 284.5),
                                                                                 (12, 34, 11, '2024-11-30', '2025-01-14', 205.0),
                                                                                 (13, 36, 14, '2024-10-02', '2025-01-07', 284.5),
                                                                                 (14, 39, 25, '2024-12-23', '2025-01-09', 367.0),
                                                                                 (15, 40, 26, '2025-02-14', '2025-02-15', 121.2),
                                                                                 (16, 41, 5, '2024-08-25', '2024-12-13', 55.3),
                                                                                 (17, 42, 3, '2024-07-13', '2024-11-05', 276.0),
                                                                                 (18, 46, 9, '2024-11-12', '2024-11-13', 398.6),
                                                                                 (19, 49, 30, '2025-01-11', '2025-01-12', 358.9),
                                                                                 (20, 20, 4, '2024-10-06', '2024-10-07', 256.8),
                                                                                 (21, 21, 36, '2024-07-15', '2024-07-16', 50.7),
                                                                                 (22, 22, 39, '2024-04-26', '2025-03-01', 82.4),
                                                                                 (23, 23, 36, '2024-11-06', '2025-03-17', 67.1),
                                                                                 (24, 24, 27, '2024-10-29', '2024-12-29', 175.6),
                                                                                 (25, 25, 16, '2024-07-03', '2024-08-08', 197.1),
                                                                                 (26, 26, 3, '2024-08-19', '2024-08-20', 379.3),
                                                                                 (27, 27, 17, '2024-04-04', '2024-04-05', 259.6),
                                                                                 (28, 28, 20, '2025-02-17', '2025-02-18', 91.0),
                                                                                 (29, 29, 6, '2024-04-13', '2025-02-25', 321.8),
                                                                                 (30, 30, 16, '2025-03-02', '2025-03-03', 267.0),
                                                                                 (31, 31, 20, '2024-10-24', '2024-10-25', 60.8),
                                                                                 (32, 32, 22, '2025-03-20', '2025-03-21', 98.0),
                                                                                 (33, 33, 27, '2024-05-06', '2024-10-03', 348.4),
                                                                                 (34, 34, 3, '2025-01-17', '2025-01-18', 389.1),
                                                                                 (35, 35, 18, '2025-01-25', '2025-01-26', 174.2),
                                                                                 (36, 36, 13, '2024-11-15', '2025-03-16', 130.6),
                                                                                 (37, 37, 26, '2024-08-29', '2025-01-31', 246.7),
                                                                                 (38, 38, 25, '2024-07-16', '2024-12-23', 382.0),
                                                                                 (39, 39, 9, '2024-09-16', '2024-10-28', 327.1),
                                                                                 (40, 40, 33, '2024-11-13', '2024-11-14', 151.3),
                                                                                 (41, 41, 38, '2024-06-22', '2024-08-28', 244.4),
                                                                                 (42, 42, 2, '2024-12-06', '2024-12-07', 146.0),
                                                                                 (43, 43, 7, '2025-01-05', '2025-01-06', 267.8),
                                                                                 (44, 44, 7, '2025-03-23', '2025-03-24', 179.9),
                                                                                 (45, 45, 20, '2024-11-27', '2024-11-28', 104.3),
                                                                                 (46, 46, 23, '2024-06-20', '2024-06-21', 186.1),
                                                                                 (47, 47, 11, '2024-06-24', '2024-09-24', 144.8),
                                                                                 (48, 48, 5, '2024-11-12', '2024-11-30', 196.6),
                                                                                 (49, 49, 8, '2024-06-28', '2025-03-26', 210.4),
                                                                                 (50, 50, 1, '2024-06-16', '2024-10-14', 194.1);
<<<<<<< HEAD
*/
=======
>>>>>>> c23b03cee851e4a31fbf205b0a87f362dada3572
